country,total_population,gdp,defense_budget,external_debt,total_manpower,active_personnel,reserve_personnel,air_force_personnel,army_personnel,navy_personnel,total_aircraft,attack_aircraft,fighter_aircraft,transport_aircraft,helicopters,trainer_aircraft,special_mission_aircraft,attack_helicopters,tanker_aircraft,naval_assets,aircraft_carriers,helicopter_carriers,destroyers,frigates,corvettes,submarines,patrol_vessel,mine_warfare,tanks,self_propelled_artillery,towed_artillery,rocket_artillery,power_index,total_military_assets,assets_per_capita,budget_to_gdp_ratio,rank,power_index_rank_gap
Sri Lanka,21982608.0,301407000000.0,1500000000.0,42198000000.0,10551652.0,346000.0,90000.0,26000.0,150000.0,40000.0,90.0,0.0,6.0,15.0,49.0,7.0,3.0,8.0,0.0,275.0,0.0,0.0,0.0,5.0,0.0,0.0,259.0,0.0,87.0,0.0,96.0,28.0,1.3822,452.0,4.283689416595619e-05,0.004976659467099304,68,67
Croatia,4150116.0,164825000000.0,2744000000.0,60500000000.0,2033557.0,14325.0,20100.0,1500.0,7000.0,1365.0,67.0,0.0,12.0,0.0,37.0,26.0,0.0,0.0,0.0,30.0,0.0,0.0,0.0,0.0,0.0,0.0,11.0,1.0,55.0,25.0,42.0,42.0,1.5432,152.0,7.474587631426116e-05,0.016647959957530715,73,72
Suriname,646758.0,12316000000.0,58440000.0,2645000000.0,142287.0,2500.0,0.0,150.0,1000.0,250.0,3.0,0.0,0.0,0.0,3.0,0.0,0.0,0.0,0.0,17.0,0.0,0.0,0.0,0.0,0.0,0.0,17.0,0.0,0.0,0.0,0.0,0.0,4.0538,20.0,0.00014056097886665684,0.004745047093212082,142,141
Netherlands,17772378.0,1276000000000.0,31791150000.0,5257949730000.0,7997570.0,44245.0,8510.0,9500.0,53212.0,24822.0,130.0,38.0,0.0,4.0,67.0,21.0,0.0,16.0,0.0,140.0,0.0,0.0,0.0,6.0,0.0,3.0,76.0,3.0,18.0,46.0,0.0,4.0,0.6142,288.0,3.601093832251547e-05,0.024914694357366773,34,33
Czech Republic,10837890.0,521928000000.0,9174000000.0,232320000000.0,5093808.0,30334.0,4900.0,3120.0,13000.0,0.0,103.0,16.0,12.0,10.0,42.0,21.0,2.0,4.0,0.0,0.0,0.0,0.0,0.0,0.0,0.0,0.0,0.0,0.0,20.0,53.0,0.0,16.0,1.0313,123.0,2.4146964314320445e-05,0.01757713707637835,55,54
Ethiopia,118550298.0,380895000000.0,3720968976.0,25426000000.0,56904143.0,503000.0,138000.0,5000.0,626000.0,11500.0,104.0,0.0,25.0,9.0,33.0,34.0,0.0,7.0,0.0,0.0,0.0,0.0,0.0,0.0,0.0,0.0,0.0,0.0,338.0,142.0,469.0,79.0,0.8525,442.0,7.767448496676243e-06,0.00976901501988737,47,46
South Sudan,12703714.0,6752000000.0,30700000.0,2722500000.0,6351857.0,185000.0,0.0,230.0,184120.0,325.0,19.0,0.0,0.0,4.0,15.0,0.0,0.0,6.0,0.0,0.0,0.0,0.0,0.0,0.0,0.0,0.0,0.0,0.0,122.0,24.0,0.0,15.0,2.4645,141.0,2.2198232737292417e-05,0.004546800947867299,113,112
Spain,47280433.0,2361000000000.0,39000676350.0,2830012130000.0,21748999.0,121802.0,24033.0,23000.0,85978.0,20840.0,440.0,12.0,136.0,51.0,169.0,108.0,8.0,17.0,0.0,175.0,1.0,0.0,0.0,11.0,0.0,2.0,112.0,6.0,298.0,96.0,188.0,0.0,0.3247,913.0,4.197894349068663e-05,0.01651871086404066,18,17
Nigeria,236747130.0,1318000000000.0,3900000000.0,45009000000.0,125475979.0,230000.0,0.0,18000.0,1960000.0,11000.0,159.0,24.0,14.0,12.0,69.0,28.0,12.0,15.0,0.0,152.0,0.0,0.0,0.0,1.0,0.0,0.0,132.0,2.0,330.0,40.0,339.0,37.0,0.6097,641.0,5.108547509320489e-06,0.002959028831562974,33,32
Mauritania,4328040.0,33069000000.0,270625000.0,3072000000.0,1687936.0,31540.0,66000.0,1105.0,102540.0,1500.0,23.0,4.0,0.0,7.0,4.0,6.0,2.0,0.0,0.0,6.0,0.0,0.0,0.0,0.0,0.0,0.0,6.0,0.0,51.0,0.0,75.0,0.0,2.7919,80.0,4.7395161901873055e-05,0.008183646315280171,123,122
Bangladesh,168697184.0,1473000000000.0,3340000000.0,58020000000.0,82661620.0,204000.0,0.0,19000.0,173408.0,22000.0,212.0,0.0,41.0,17.0,67.0,83.0,4.0,0.0,0.0,121.0,0.0,0.0,0.0,7.0,6.0,2.0,61.0,5.0,320.0,36.0,487.0,103.0,0.6517,653.0,7.899675810853937e-06,0.0022674813306177866,37,36
Beliz,415789.0,5538000000.0,34400000.0,1235000000.0,158000.0,2000.0,850.0,60.0,2850.0,0.0,3.0,0.0,0.0,1.0,1.0,0.0,1.0,0.0,0.0,15.0,0.0,0.0,0.0,0.0,0.0,0.0,15.0,0.0,0.0,0.0,0.0,0.0,4.3602,18.0,0.00011392405063291139,0.006211628746840015,144,143
Bahrain,1566888.0,93937000000.0,997015509.0,54450000000.0,846120.0,18400.0,110000.0,1500.0,130000.0,700.0,137.0,0.0,28.0,3.0,66.0,40.0,0.0,34.0,0.0,64.0,0.0,0.0,0.0,2.0,2.0,0.0,50.0,0.0,150.0,38.0,26.0,18.0,1.6731,351.0,0.0004148347752091902,0.010613661379435153,75,74
Kyrgyzstan,6172101.0,50907000000.0,654000000.0,3617000000.0,3147772.0,23000.0,0.0,500.0,20000.0,0.0,7.0,0.0,0.0,0.0,7.0,0.0,0.0,2.0,0.0,0.0,0.0,0.0,0.0,0.0,0.0,0.0,0.0,0.0,215.0,30.0,174.0,21.0,2.3969,222.0,7.052607368005053e-05,0.012846956214273087,109,108
Libya,7361263.0,90609000000.0,1474800000.0,3654200000.0,3827857.0,32000.0,0.0,1000.0,85000.0,7500.0,83.0,1.0,10.0,12.0,22.0,35.0,0.0,4.0,0.0,5.0,0.0,0.0,0.0,1.0,0.0,0.0,2.0,0.0,55.0,20.0,38.0,25.0,1.7872,143.0,3.7357717385994306e-05,0.016276528821640233,80,79
Tanzania,67462121.0,246706000000.0,1476113361.0,17513000000.0,12143182.0,25000.0,0.0,1825.0,21975.0,1200.0,38.0,0.0,11.0,6.0,15.0,6.0,0.0,0.0,0.0,12.0,0.0,0.0,0.0,0.0,0.0,0.0,10.0,0.0,200.0,0.0,205.0,70.0,1.9111,250.0,2.058768451300491e-05,0.005983289263333685,89,88
Sudan,50467278.0,94420000000.0,394700000.0,21650000000.0,26747657.0,300000.0,200000.0,13000.0,485500.0,2000.0,183.0,36.0,37.0,13.0,64.0,33.0,0.0,35.0,0.0,10.0,0.0,0.0,0.0,0.0,0.0,0.0,10.0,0.0,1055.0,100.0,1150.0,800.0,1.3563,1248.0,4.665829235061598e-05,0.004180258419826308,66,65
Bolivia,12311974.0,122200000000.0,467670000.0,11174000000.0,5417269.0,40000.0,40000.0,10000.0,43000.0,4500.0,67.0,0.0,0.0,15.0,29.0,20.0,2.0,0.0,0.0,0.0,0.0,0.0,0.0,0.0,0.0,0.0,0.0,0.0,54.0,0.0,58.0,0.0,1.8301,121.0,2.2335977777732653e-05,0.00382708674304419,82,81
United States Of America,341963408.0,25676000000000.0,831500000000.0,24538900710000.0,150463900.0,1333030.0,799500.0,708758.0,1174890.0,612124.0,13032.0,926.0,1791.0,917.0,5913.0,2610.0,611.0,1024.0,610.0,465.0,11.0,9.0,83.0,0.0,27.0,66.0,0.0,4.0,4666.0,1521.0,1878.0,1731.0,0.0741,18163.0,0.00012071334054214997,0.03238432777691229,1,0
Nepal,31122387.0,149643000000.0,431355326.0,5719000000.0,15249970.0,98500.0,82000.0,1000.0,97500.0,0.0,17.0,0.0,0.0,7.0,10.0,0.0,0.0,0.0,0.0,0.0,0.0,0.0,0.0,0.0,0.0,0.0,0.0,0.0,0.0,0.0,14.0,0.0,2.8037,17.0,1.1147562913238519e-06,0.0028825626724938687,124,123
Ghana,34589092.0,243124000000.0,954423756.0,29241000000.0,14873310.0,15500.0,0.0,1860.0,55000.0,1200.0,18.0,0.0,0.0,2.0,9.0,5.0,2.0,0.0,0.0,20.0,0.0,0.0,0.0,0.0,0.0,0.0,20.0,0.0,0.0,0.0,6.0,6.0,2.4566,38.0,2.5549121211082132e-06,0.003925666556983268,112,111
Pakistan,252363571.0,1390000000000.0,9102115350.0,89148000000.0,108516336.0,660000.0,550000.0,78000.0,1311500.0,57500.0,1397.0,90.0,331.0,63.0,379.0,563.0,27.0,55.0,4.0,120.0,0.0,0.0,0.0,9.0,6.0,8.0,79.0,3.0,2677.0,662.0,2629.0,652.0,0.2626,4194.0,3.864855886767132e-05,0.006548284424460432,14,13
Mozambique,33350954.0,51786000000.0,480000000.0,8274000000.0,14674420.0,11200.0,0.0,4000.0,11200.0,1000.0,23.0,2.0,8.0,5.0,7.0,1.0,0.0,2.0,0.0,36.0,0.0,0.0,0.0,0.0,0.0,0.0,36.0,0.0,60.0,0.0,104.0,12.0,1.9769,119.0,8.109349466622871e-06,0.00926891437840343,92,91
Portugal,10639726.0,556942000000.0,6760000000.0,530000000000.0,5319863.0,25000.0,23500.0,6000.0,12000.0,7000.0,128.0,5.0,28.0,20.0,36.0,23.0,16.0,0.0,4.0,128.0,0.0,0.0,0.0,5.0,2.0,2.0,71.0,0.0,34.0,23.0,54.0,0.0,0.6659,290.0,5.4512681999517653e-05,0.012137709133087466,38,37
Somalia,13017273.0,26770000000.0,870000000.0,2563000000.0,2993973.0,30000.0,0.0,550.0,29150.0,500.0,6.0,0.0,0.0,0.0,6.0,0.0,0.0,0.0,0.0,19.0,0.0,0.0,0.0,0.0,0.0,0.0,19.0,0.0,0.0,0.0,0.0,0.0,3.7393,25.0,8.350108701715079e-06,0.032499066118789686,137,136
Guatemala,18255216.0,232673000000.0,616000000.0,11862000000.0,7484639.0,106114.0,90000.0,2210.0,196114.0,3200.0,35.0,3.0,0.0,10.0,20.0,0.0,2.0,0.0,0.0,25.0,0.0,0.0,0.0,0.0,0.0,0.0,20.0,0.0,0.0,0.0,110.0,0.0,2.1277,60.0,8.016418694341837e-06,0.0026474924035019103,96,95
Paraguay,7522549.0,112919000000.0,416800000.0,13783000000.0,3535598.0,15650.0,168500.0,1100.0,180000.0,5400.0,49.0,4.0,0.0,12.0,18.0,14.0,1.0,0.0,0.0,0.0,0.0,0.0,0.0,0.0,0.0,0.0,0.0,0.0,10.0,6.0,50.0,0.0,1.7974,59.0,1.6687417517489262e-05,0.0036911414376677087,81,80
Turkmenistan,5744151.0,134555000000.0,1463000000.0,3696000000.0,2768681.0,36500.0,0.0,3000.0,42760.0,2000.0,91.0,27.0,22.0,5.0,26.0,11.0,0.0,10.0,0.0,16.0,0.0,0.0,0.0,0.0,0.0,0.0,16.0,0.0,654.0,73.0,457.0,164.0,1.7459,761.0,0.0002748601229249596,0.010872877262086135,78,77
Panama,4470241.0,164484000000.0,1069750000.0,1227085530000.0,2011608.0,16300.0,0.0,500.0,80000.0,0.0,38.0,0.0,0.0,13.0,23.0,0.0,2.0,0.0,0.0,22.0,0.0,0.0,0.0,0.0,0.0,0.0,14.0,0.0,0.0,0.0,0.0,0.0,3.5011,60.0,2.982688476084804e-05,0.0065036720896865345,135,134
Botswana,2450668.0,45553000000.0,581000000.0,1761000000.0,1029281.0,12000.0,0.0,500.0,12000.0,0.0,45.0,0.0,10.0,9.0,16.0,10.0,0.0,0.0,0.0,0.0,0.0,0.0,0.0,0.0,0.0,0.0,0.0,0.0,45.0,12.0,36.0,20.0,2.9993,90.0,8.743967876605125e-05,0.012754374025859987,130,129
Nicaragua,6676948.0,52989000000.0,1311600000.0,6753000000.0,3271705.0,45000.0,0.0,815.0,42935.0,1250.0,17.0,0.0,0.0,5.0,12.0,1.0,0.0,0.0,0.0,23.0,0.0,0.0,0.0,0.0,0.0,0.0,23.0,0.0,186.0,0.0,347.0,151.0,2.5894,226.0,6.907713256543606e-05,0.024752307082602048,116,115
Madagascar,29452714.0,52968000000.0,147630000.0,3548000000.0,11192031.0,13500.0,0.0,300.0,21600.0,500.0,6.0,0.0,0.0,1.0,5.0,0.0,0.0,0.0,0.0,7.0,0.0,0.0,0.0,0.0,0.0,0.0,5.0,0.0,12.0,0.0,17.0,0.0,3.0381,25.0,2.233732197489446e-06,0.0027871545083824195,131,130
Cambodia,17063669.0,123676000000.0,750000000.0,8019000000.0,8190561.0,124300.0,0.0,1500.0,75000.0,2800.0,24.0,0.0,0.0,4.0,20.0,0.0,0.0,0.0,0.0,20.0,0.0,0.0,0.0,0.0,0.0,0.0,20.0,0.0,520.0,30.0,525.0,521.0,1.8434,564.0,6.885975209756695e-05,0.006064232349041043,83,82
Azerbaijan,10650239.0,225198000000.0,5100000000.0,12378000000.0,5218617.0,128000.0,306000.0,15000.0,110000.0,3000.0,159.0,20.0,12.0,4.0,87.0,36.0,0.0,16.0,0.0,32.0,0.0,0.0,0.0,0.0,0.0,4.0,17.0,4.0,1354.0,135.0,651.0,696.0,1.1991,1545.0,0.0002960554491736029,0.02264673753763355,60,59
Slovenia,2097893.0,103118000000.0,1782000000.0,60500000000.0,1006989.0,7000.0,26000.0,615.0,32035.0,350.0,40.0,0.0,0.0,5.0,16.0,23.0,0.0,0.0,0.0,3.0,0.0,0.0,0.0,0.0,0.0,0.0,3.0,0.0,54.0,17.0,18.0,0.0,1.9404,97.0,9.632677218916989e-05,0.017281173025078065,91,90
Finland,5626414.0,313591000000.0,8890000000.0,726000000000.0,2306830.0,24000.0,870000.0,41100.0,42000.0,6700.0,162.0,0.0,53.0,11.0,27.0,77.0,1.0,0.0,0.0,165.0,0.0,0.0,0.0,0.0,0.0,0.0,8.0,18.0,200.0,125.0,667.0,76.0,0.8673,527.0,0.00022845203157579883,0.028349027873886688,48,47
Namibia,2803660.0,31154000000.0,450498000.0,9680000000.0,616805.0,17567.0,0.0,1175.0,8500.0,3000.0,36.0,0.0,11.0,5.0,7.0,13.0,0.0,2.0,0.0,15.0,0.0,0.0,0.0,0.0,2.0,0.0,15.0,0.0,7.0,0.0,50.0,55.0,2.7414,58.0,9.403296017379885e-05,0.014460358220453232,122,121
Singapore,6028459.0,800304000000.0,18000000000.0,1884751660000.0,3918498.0,51000.0,252500.0,13500.0,280000.0,9000.0,235.0,0.0,100.0,9.0,75.0,36.0,9.0,20.0,11.0,101.0,0.0,0.0,0.0,6.0,6.0,6.0,55.0,4.0,170.0,48.0,89.0,24.0,0.5272,506.0,0.0001291311109511859,0.022491453247765848,29,28
Austria,8967982.0,581131000000.0,6103900800.0,693000000000.0,4035592.0,25000.0,125600.0,4300.0,141000.0,0.0,90.0,0.0,15.0,11.0,41.0,23.0,0.0,0.0,0.0,0.0,0.0,0.0,0.0,0.0,0.0,0.0,0.0,0.0,56.0,30.0,0.0,0.0,1.3759,146.0,3.6178087378506054e-05,0.010503485100605543,67,66
Philippines,118277063.0,1202000000000.0,6571641011.0,63241000000.0,50859137.0,160000.0,1500000.0,33600.0,1310000.0,42270.0,204.0,17.0,0.0,23.0,130.0,23.0,11.0,6.0,0.0,127.0,0.0,0.0,0.0,4.0,1.0,0.0,60.0,0.0,18.0,12.0,296.0,0.0,0.6993,349.0,6.862090483367817e-06,0.0054672554168053245,41,40
Honduras,9529188.0,71297000000.0,612300000.0,7785000000.0,4192843.0,52225.0,0.0,8520.0,83000.0,4000.0,45.0,7.0,6.0,10.0,11.0,10.0,1.0,0.0,0.0,98.0,0.0,0.0,0.0,0.0,0.0,0.0,93.0,0.0,22.0,0.0,48.0,0.0,2.2575,165.0,3.935277328533408e-05,0.008588019131239744,103,102
Bhutan,884546.0,11517000000.0,26600000.0,2827000000.0,203446.0,16000.0,50000.0,0.0,66000.0,0.0,2.0,0.0,0.0,0.0,2.0,0.0,0.0,0.0,0.0,0.0,0.0,0.0,0.0,0.0,0.0,0.0,0.0,0.0,0.0,0.0,0.0,0.0,5.7991,2.0,9.830618444206325e-06,0.002309629243726665,145,144
Democratic Republic Of The Congo,115403027.0,164367000000.0,960000000.0,7926000000.0,39237029.0,166580.0,30800.0,2550.0,103000.0,6700.0,56.0,6.0,0.0,10.0,38.0,2.0,0.0,9.0,0.0,16.0,0.0,0.0,0.0,0.0,0.0,0.0,16.0,0.0,212.0,16.0,125.0,81.0,1.3051,284.0,7.23806076143023e-06,0.005840588439285258,64,63
Australia,26768598.0,1635000000000.0,57350000000.0,3770254730000.0,11242811.0,58910.0,33270.0,21584.0,44235.0,20607.0,348.0,71.0,24.0,37.0,72.0,107.0,31.0,22.0,6.0,45.0,0.0,2.0,3.0,7.0,0.0,6.0,13.0,3.0,46.0,0.0,48.0,8.0,0.3208,439.0,3.9047174234272904e-05,0.03507645259938838,17,16
Israel,9402617.0,472177000000.0,34600000000.0,163350000000.0,3949099.0,169500.0,465000.0,89000.0,526000.0,19500.0,597.0,45.0,239.0,14.0,127.0,148.0,19.0,48.0,13.0,82.0,0.0,0.0,0.0,0.0,7.0,6.0,66.0,0.0,1300.0,323.0,171.0,228.0,0.2707,1979.0,0.000501126965923113,0.07327760564364634,15,14
Kuwait,3138355.0,225947000000.0,7987000000.0,60500000000.0,1726095.0,78000.0,24000.0,2500.0,103000.0,4000.0,133.0,0.0,47.0,2.0,68.0,13.0,0.0,16.0,3.0,123.0,0.0,0.0,0.0,0.0,0.0,0.0,106.0,0.0,367.0,51.0,0.0,27.0,1.7161,623.0,0.0003609303080073808,0.035348997773814214,76,75
Iraq,42083436.0,585887000000.0,8000000000.0,15580000000.0,17675043.0,193000.0,0.0,5000.0,180000.0,3000.0,360.0,36.0,26.0,15.0,183.0,111.0,17.0,39.0,0.0,67.0,0.0,0.0,0.0,0.0,1.0,0.0,55.0,0.0,1188.0,434.0,610.0,572.0,0.8115,1615.0,9.137177205170024e-05,0.013654510170049856,44,43
South Korea,52081799.0,2607000000000.0,44800000000.0,553871450000.0,26040900.0,450000.0,3100000.0,65000.0,365000.0,70000.0,1540.0,98.0,242.0,40.0,827.0,335.0,35.0,113.0,4.0,215.0,0.0,2.0,14.0,18.0,3.0,22.0,96.0,14.0,1831.0,2780.0,5800.0,525.0,0.1642,3586.0,0.00013770645407800805,0.01718450326045263,5,4
Lithuania,2628186.0,136227000000.0,5651760000.0,48400000000.0,1708321.0,23000.0,104000.0,1500.0,21000.0,700.0,9.0,0.0,0.0,5.0,4.0,0.0,0.0,0.0,0.0,13.0,0.0,0.0,0.0,0.0,0.0,0.0,5.0,4.0,0.0,16.0,54.0,0.0,1.8949,22.0,1.287814175438925e-05,0.04148781078640798,88,87
Mexico,130739927.0,2883000000000.0,9100000000.0,306308000000.0,61447766.0,387000.0,98653.0,30515.0,275443.0,92043.0,424.0,32.0,2.0,40.0,173.0,175.0,25.0,0.0,0.0,164.0,0.0,0.0,0.0,1.0,3.0,0.0,142.0,0.0,0.0,35.0,0.0,0.0,0.6401,588.0,9.569102967876814e-06,0.0031564342698577872,36,35
Estonia,1193791.0,57001000000.0,2375000000.0,29040000000.0,584958.0,7700.0,230000.0,400.0,44000.0,550.0,2.0,0.0,0.0,2.0,0.0,0.0,0.0,0.0,0.0,8.0,0.0,0.0,0.0,0.0,0.0,0.0,4.0,4.0,0.0,48.0,0.0,6.0,2.3201,10.0,1.7095244444900317e-05,0.041665935685338856,106,105
Iceland,364036.0,26561000000.0,500000000.0,24200000000.0,83728.0,0.0,0.0,0.0,0.0,0.0,0.0,0.0,0.0,0.0,0.0,0.0,0.0,0.0,0.0,0.0,0.0,0.0,0.0,0.0,0.0,0.0,0.0,0.0,0.0,0.0,0.0,0.0,3.4013,0.0,0.0,0.01882459244757351,134,133
Serbia,6652212.0,177093000000.0,2770000000.0,21726000000.0,3259584.0,22500.0,2000.0,3000.0,13200.0,0.0,115.0,17.0,11.0,3.0,51.0,33.0,0.0,4.0,0.0,0.0,0.0,0.0,0.0,0.0,0.0,0.0,0.0,0.0,242.0,96.0,150.0,73.0,1.2938,357.0,0.00010952317841785945,0.015641499099343283,63,62
Lebanon,5364482.0,65415000000.0,800000000.0,41619000000.0,2092148.0,80000.0,15000.0,2500.0,99000.0,1500.0,80.0,9.0,0.0,0.0,68.0,9.0,0.0,0.0,0.0,48.0,0.0,0.0,0.0,0.0,0.0,0.0,42.0,0.0,334.0,12.0,350.0,11.0,2.6521,462.0,0.00022082567772452045,0.012229610945501797,118,117
Greece,10461091.0,192205000000.0,8242150000.0,605000000000.0,4916713.0,142700.0,221350.0,42500.0,200000.0,30000.0,560.0,0.0,178.0,17.0,285.0,86.0,8.0,28.0,0.0,186.0,0.0,0.0,0.0,14.0,0.0,9.0,45.0,3.0,1344.0,589.0,698.0,152.0,0.5484,2090.0,0.00042508073991709503,0.04288207903020213,30,29
Georgia,4900961.0,91849000000.0,680000000.0,9085000000.0,2744538.0,37000.0,205500.0,3000.0,205500.0,0.0,61.0,5.0,0.0,2.0,44.0,10.0,0.0,11.0,0.0,19.0,0.0,0.0,0.0,0.0,0.0,0.0,31.0,4.0,132.0,67.0,121.0,42.0,2.0779,212.0,7.724433037545846e-05,0.007403455671809165,95,94
Liberia,5437249.0,9308000000.0,20700000.0,1335000000.0,2392390.0,2100.0,0.0,0.0,2100.0,300.0,0.0,0.0,0.0,0.0,0.0,0.0,0.0,0.0,0.0,6.0,0.0,0.0,0.0,0.0,0.0,0.0,6.0,0.0,0.0,0.0,0.0,0.0,3.9275,6.0,2.507952298747278e-06,0.0022238934250107434,141,140
Benin,14697052.0,56424000000.0,137690000.0,6309000000.0,5584880.0,4750.0,0.0,300.0,4750.0,200.0,7.0,0.0,0.0,1.0,5.0,0.0,1.0,0.0,0.0,2.0,0.0,0.0,0.0,0.0,0.0,0.0,2.0,0.0,0.0,0.0,16.0,0.0,3.8963,9.0,1.6114938906476056e-06,0.0024402736424216647,139,138
Cuba,10966038.0,81165000000.0,3301500000.0,36372600000.0,5921661.0,50000.0,40000.0,4120.0,90000.0,3550.0,20.0,0.0,11.0,4.0,13.0,3.0,0.0,4.0,0.0,19.0,0.0,0.0,0.0,1.0,1.0,0.0,6.0,4.0,194.0,140.0,364.0,200.0,1.3345,233.0,3.9347068330996997e-05,0.04067639992607651,65,64
Vietnam,105758975.0,1456000000000.0,10200000000.0,34426000000.0,54994667.0,450000.0,5000000.0,35000.0,5450000.0,50000.0,265.0,0.0,61.0,6.0,101.0,91.0,3.0,0.0,0.0,116.0,0.0,0.0,0.0,9.0,17.0,6.0,27.0,8.0,1999.0,30.0,3250.0,774.0,0.4066,2380.0,4.327692356060634e-05,0.007005494505494506,23,22
Denmark,5973136.0,440558000000.0,14250000000.0,611050000000.0,2628180.0,21000.0,12000.0,3475.0,88400.0,3600.0,122.0,19.0,26.0,4.0,34.0,36.0,3.0,0.0,0.0,50.0,0.0,0.0,0.0,9.0,0.0,0.0,9.0,6.0,44.0,19.0,0.0,8.0,0.8198,216.0,8.218615163344976e-05,0.03234534385937833,45,44
Bosnia And Herzegovina,3798671.0,64641000000.0,289920000.0,5359000000.0,2355176.0,18000.0,8000.0,2100.0,26000.0,0.0,15.0,0.0,0.0,0.0,15.0,0.0,0.0,0.0,0.0,0.0,0.0,0.0,0.0,0.0,0.0,0.0,0.0,0.0,45.0,0.0,300.0,24.0,3.1291,60.0,2.5475803082232495e-05,0.004485079129345152,133,132
Mali,21990607.0,71253000000.0,1110000000.0,4085000000.0,6817088.0,40000.0,0.0,550.0,44800.0,0.0,44.0,12.0,9.0,8.0,10.0,4.0,1.0,8.0,0.0,0.0,0.0,0.0,0.0,0.0,0.0,0.0,0.0,0.0,0.0,0.0,50.0,30.0,2.2598,44.0,6.454368786203141e-06,0.015578291440360405,104,103
Slovakia,5563649.0,218762000000.0,2900000000.0,140360000000.0,2837461.0,20982.0,0.0,3200.0,18282.0,0.0,48.0,0.0,7.0,7.0,22.0,11.0,1.0,0.0,0.0,0.0,0.0,0.0,0.0,0.0,0.0,0.0,0.0,0.0,45.0,35.0,9.0,25.0,1.3911,93.0,3.277578088297954e-05,0.013256415648055879,69,68
Chad,19093595.0,52895000000.0,706800000.0,2286000000.0,6873694.0,37750.0,0.0,350.0,37750.0,0.0,40.0,7.0,0.0,7.0,16.0,8.0,2.0,3.0,0.0,0.0,0.0,0.0,0.0,0.0,0.0,0.0,0.0,0.0,90.0,10.0,13.0,16.0,1.8594,130.0,1.8912683631246896e-05,0.01336232158048965,85,84
China,1415043270.0,33598000000000.0,303000000000.0,488114000000.0,764123366.0,2035000.0,510000.0,403000.0,2545000.0,384000.0,3529.0,371.0,1443.0,287.0,1007.0,401.0,105.0,281.0,9.0,841.0,3.0,4.0,53.0,46.0,50.0,61.0,150.0,36.0,5870.0,2940.0,1400.0,2770.0,0.0919,10240.0,1.3400977454208617e-05,0.009018393952020953,3,2
Venezuela,31250306.0,110943000000.0,6060000000.0,121363000000.0,15625153.0,109000.0,8000.0,10755.0,300745.0,25500.0,224.0,0.0,30.0,47.0,85.0,75.0,3.0,10.0,1.0,41.0,0.0,0.0,0.0,1.0,0.0,3.0,26.0,0.0,282.0,60.0,92.0,56.0,0.9106,547.0,3.500765720502065e-05,0.05462264406046348,51,50
Eritrea,6343956.0,2534000000.0,219000000.0,461376000.0,2220385.0,350000.0,680000.0,250.0,275000.0,1100.0,20.0,0.0,1.0,5.0,13.0,1.0,0.0,6.0,0.0,23.0,0.0,0.0,0.0,0.0,0.0,0.0,18.0,0.0,148.0,45.0,89.0,44.0,2.6841,191.0,8.602111795927282e-05,0.08642462509865825,119,118
United Arab Emirates,10032213.0,745994000000.0,23480000000.0,290400000000.0,5818684.0,65000.0,130000.0,7000.0,44000.0,3000.0,581.0,40.0,99.0,35.0,250.0,151.0,27.0,30.0,5.0,84.0,0.0,0.0,0.0,0.0,11.0,0.0,34.0,2.0,354.0,165.0,99.0,49.0,1.0188,1019.0,0.00017512550947946305,0.03147478397949582,54,53
Gabon,2455105.0,48045000000.0,340950000.0,6442000000.0,932940.0,5000.0,0.0,900.0,4500.0,400.0,25.0,0.0,6.0,3.0,16.0,0.0,0.0,0.0,0.0,5.0,0.0,0.0,0.0,0.0,0.0,0.0,4.0,0.0,0.0,0.0,4.0,28.0,3.0432,30.0,3.2156408772268315e-05,0.0070964720574461446,132,131
Niger,26342784.0,47921000000.0,488400000.0,3793000000.0,7902835.0,25000.0,0.0,1250.0,10000.0,0.0,26.0,2.0,0.0,7.0,13.0,0.0,2.0,2.0,0.0,0.0,0.0,0.0,0.0,0.0,0.0,0.0,0.0,0.0,0.0,0.0,0.0,0.0,2.6867,26.0,3.2899586034631874e-06,0.010191773961311325,120,119
Tunisia,12048847.0,156086000000.0,2172751250.0,21212000000.0,6024424.0,89800.0,0.0,4500.0,150000.0,5000.0,155.0,0.0,10.0,12.0,101.0,28.0,4.0,0.0,0.0,37.0,0.0,0.0,0.0,1.0,1.0,0.0,30.0,0.0,145.0,0.0,105.0,0.0,1.7823,337.0,5.593895781571815e-05,0.013920218661507118,79,78
Colombia,49588357.0,978024000000.0,15800000000.0,108027000000.0,24298295.0,429000.0,998000.0,25000.0,2048583.0,35100.0,430.0,24.0,16.0,82.0,255.0,72.0,27.0,0.0,1.0,213.0,0.0,0.0,0.0,9.0,2.0,4.0,158.0,0.0,0.0,6.0,110.0,0.0,0.7551,643.0,2.6462762099151403e-05,0.01615502278062706,43,42
Indonesia,281562465.0,4102000000000.0,11155297716.0,225273000000.0,137965608.0,404500.0,401000.0,30100.0,300400.0,66034.0,460.0,34.0,41.0,73.0,212.0,114.0,15.0,15.0,1.0,338.0,0.0,0.0,0.0,10.0,26.0,4.0,211.0,10.0,331.0,153.0,396.0,67.0,0.2582,1129.0,8.18319881575124e-06,0.002719477746465139,13,12
Canada,38794813.0,2341000000000.0,45824959620.0,2571113270000.0,16681770.0,63500.0,23000.0,15560.0,49300.0,16300.0,354.0,0.0,66.0,29.0,146.0,95.0,34.0,0.0,6.0,67.0,0.0,0.0,0.0,12.0,0.0,4.0,17.0,0.0,74.0,0.0,0.0,0.0,0.5269,495.0,2.967311022751183e-05,0.019574950713370353,28,27
Saudi Arabia,36544431.0,2213000000000.0,63988055520.0,248171000000.0,19003104.0,247000.0,0.0,30000.0,75000.0,13500.0,917.0,81.0,283.0,49.0,264.0,202.0,16.0,34.0,22.0,32.0,0.0,0.0,0.0,7.0,9.0,0.0,9.0,3.0,1085.0,380.0,557.0,327.0,0.4473,2034.0,0.00010703514541624358,0.028914620659737912,25,24
Belgium,11977634.0,749229000000.0,14900000000.0,1594190730000.0,4910830.0,26390.0,6600.0,5700.0,11547.0,1355.0,104.0,12.0,44.0,7.0,14.0,27.0,0.0,0.0,0.0,9.0,0.0,0.0,0.0,2.0,0.0,0.0,2.0,5.0,0.0,0.0,0.0,0.0,1.2201,113.0,2.3010366882991267e-05,0.019887110616380304,61,60
Ukraine,35661826.0,577583000000.0,45000000000.0,90003000000.0,18187531.0,900000.0,4000000.0,35000.0,250000.0,11000.0,347.0,30.0,88.0,22.0,140.0,72.0,5.0,39.0,0.0,169.0,0.0,0.0,0.0,0.0,0.0,0.0,133.0,5.0,1121.0,682.0,625.0,288.0,0.3691,1637.0,9.000671943871876e-05,0.07791088034100727,20,19
Malaysia,34564810.0,1212000000000.0,5100000000.0,8748000000.0,16245461.0,113000.0,51600.0,15000.0,130000.0,18000.0,132.0,11.0,25.0,15.0,45.0,31.0,6.0,0.0,4.0,100.0,0.0,0.0,0.0,2.0,4.0,2.0,72.0,4.0,48.0,0.0,196.0,36.0,0.7379,280.0,1.7235583526992554e-05,0.004207920792079208,42,41
South Africa,60442647.0,870420000000.0,2877000000.0,93879000000.0,27803618.0,68731.0,29350.0,13815.0,53872.0,7890.0,181.0,0.0,2.0,11.0,87.0,81.0,0.0,10.0,0.0,63.0,0.0,0.0,0.0,4.0,0.0,3.0,42.0,4.0,248.0,52.0,434.0,201.0,0.6843,492.0,1.769553876045916e-05,0.003305300889225891,40,39
Kazakhstan,20260006.0,739385000000.0,5836386000.0,25765000000.0,9117003.0,110000.0,135000.0,12000.0,80000.0,3000.0,168.0,13.0,37.0,21.0,72.0,25.0,0.0,12.0,0.0,26.0,0.0,0.0,0.0,0.0,0.0,0.0,23.0,2.0,353.0,126.0,194.0,287.0,1.0433,547.0,5.99977865533224e-05,0.007893568303387274,58,57
United Kingdom,68459055.0,3636000000000.0,88526529585.0,10553123900000.0,31491165.0,141330.0,31940.0,34800.0,108413.0,37890.0,625.0,38.0,103.0,30.0,262.0,201.0,29.0,50.0,9.0,116.0,2.0,0.0,6.0,7.0,0.0,10.0,26.0,8.0,288.0,14.0,126.0,43.0,0.1881,1029.0,3.267583145939504e-05,0.02434723035891089,8,7
El Salvador,6628702.0,73961000000.0,1037200000.0,12668000000.0,3181777.0,25000.0,0.0,2000.0,20500.0,2000.0,51.0,15.0,0.0,3.0,28.0,10.0,0.0,0.0,0.0,13.0,0.0,0.0,0.0,0.0,0.0,0.0,8.0,0.0,0.0,0.0,76.0,0.0,2.9973,64.0,2.0114546053981784e-05,0.014023607036140669,129,128
Dominican Republic,10815857.0,276884000000.0,903000000.0,35044000000.0,4975294.0,89000.0,189000.0,6730.0,28750.0,13200.0,80.0,8.0,0.0,11.0,49.0,17.0,1.0,0.0,0.0,34.0,0.0,0.0,0.0,0.0,0.0,0.0,14.0,0.0,6.0,0.0,14.0,0.0,2.5853,120.0,2.4119177680756153e-05,0.0032612935380881523,115,114
Afghanistan,40121552.0,82238000000.0,145000000.0,1929750000.0,15647405.0,75000.0,0.0,0.0,165000.0,0.0,5.0,0.0,0.0,2.0,3.0,0.0,0.0,0.0,0.0,0.0,0.0,0.0,0.0,0.0,0.0,0.0,0.0,0.0,0.0,0.0,0.0,0.0,2.7342,5.0,3.195418026183894e-07,0.0017631751744935432,121,120
North Korea,26298666.0,15416000000.0,4750000000.0,6050000000.0,9467520.0,1320000.0,560000.0,110000.0,1370000.0,60000.0,837.0,114.0,341.0,1.0,205.0,176.0,0.0,20.0,0.0,332.0,0.0,0.0,2.0,2.0,8.0,24.0,227.0,1.0,4895.0,1300.0,700.0,1500.0,0.5933,6064.0,0.000640505644561617,0.3081214322781526,31,30
Iran,88386937.0,1486000000000.0,9230000000.0,6759000000.0,49496685.0,610000.0,350000.0,37000.0,350000.0,20000.0,551.0,21.0,188.0,86.0,129.0,103.0,10.0,13.0,6.0,109.0,0.0,0.0,0.0,7.0,3.0,25.0,21.0,1.0,2675.0,424.0,1803.0,1550.0,0.3199,3335.0,6.737824967470043e-05,0.006211305518169583,16,15
Burkina Faso,23042199.0,60001000000.0,4590000000.0,3565000000.0,8525614.0,7500.0,0.0,300.0,7000.0,0.0,26.0,3.0,0.0,2.0,19.0,0.0,2.0,5.0,0.0,0.0,0.0,0.0,0.0,0.0,0.0,0.0,0.0,0.0,0.0,0.0,8.0,9.0,2.9213,26.0,3.0496337272599955e-06,0.07649872502124964,127,126
Cameroon,30966105.0,143264000000.0,835694942.0,11112000000.0,10528476.0,38000.0,0.0,420.0,47000.0,1000.0,35.0,0.0,0.0,6.0,21.0,6.0,2.0,0.0,0.0,19.0,0.0,0.0,0.0,0.0,0.0,0.0,19.0,0.0,0.0,18.0,52.0,20.0,2.1689,54.0,5.128947437406895e-06,0.005833251493745812,99,98
Argentina,46994384.0,1213000000000.0,993919790.0,74362000000.0,20677529.0,108000.0,12370.0,14000.0,108000.0,18370.0,241.0,11.0,23.0,25.0,96.0,71.0,13.0,0.0,2.0,42.0,0.0,0.0,3.0,0.0,6.0,2.0,13.0,0.0,362.0,20.0,172.0,27.0,0.5983,645.0,3.119328233078527e-05,0.0008193897691673536,32,31
Sierra Leone,9121049.0,26728000000.0,450000000.0,1451000000.0,2006631.0,13000.0,0.0,175.0,12575.0,250.0,1.0,0.0,0.0,0.0,1.0,0.0,0.0,0.0,0.0,10.0,0.0,0.0,0.0,0.0,0.0,0.0,10.0,0.0,0.0,0.0,0.0,0.0,3.9201,11.0,5.481825009182057e-06,0.016836276563903022,140,139
Norway,5509733.0,507680000000.0,11189483200.0,787758400000.0,2203893.0,33440.0,20100.0,3650.0,8735.0,4010.0,109.0,43.0,0.0,4.0,34.0,23.0,5.0,0.0,0.0,48.0,0.0,0.0,0.0,4.0,6.0,6.0,20.0,5.0,36.0,28.0,0.0,0.0,0.6679,193.0,8.757230954497337e-05,0.022040425464859754,39,38
Tajikistan,10394063.0,50370000000.0,450460000.0,3024000000.0,4781269.0,150000.0,600000.0,1200.0,9000.0,0.0,25.0,0.0,0.0,1.0,20.0,4.0,0.0,6.0,0.0,0.0,0.0,0.0,0.0,0.0,0.0,0.0,0.0,0.0,38.0,3.0,13.0,24.0,2.1749,63.0,1.3176418227043908e-05,0.008943021639864998,100,99
Belarus,9501451.0,265220000000.0,1034784000.0,18010000000.0,5035769.0,63000.0,365400.0,11300.0,18000.0,0.0,194.0,50.0,43.0,4.0,70.0,27.0,0.0,31.0,0.0,0.0,0.0,0.0,0.0,0.0,0.0,0.0,0.0,0.0,577.0,357.0,190.0,206.0,1.4072,771.0,0.00015310471945794178,0.0039016062137093733,70,69
Ivory Coast,29981758.0,215018000000.0,18200000.0,26576000000.0,12292521.0,22000.0,0.0,460.0,22000.0,1000.0,22.0,0.0,0.0,3.0,14.0,2.0,3.0,5.0,0.0,8.0,0.0,0.0,0.0,0.0,0.0,0.0,7.0,0.0,0.0,0.0,4.0,6.0,2.3884,30.0,2.4405083383628144e-06,8.464407630989033e-05,108,107
Morocco,37387585.0,350594000000.0,16100000000.0,42262000000.0,17946041.0,400000.0,250000.0,13000.0,500000.0,9300.0,271.0,0.0,84.0,31.0,73.0,77.0,4.0,6.0,2.0,100.0,0.0,0.0,0.0,6.0,1.0,0.0,84.0,0.0,1346.0,544.0,188.0,185.0,1.0368,1717.0,9.567569805507522e-05,0.045922063697610344,56,55
Angola,37202061.0,278239000000.0,31200000000.0,45299000000.0,7440412.0,107000.0,0.0,6000.0,100000.0,1500.0,278.0,6.0,67.0,32.0,115.0,56.0,2.0,14.0,0.0,32.0,0.0,0.0,0.0,0.0,0.0,0.0,32.0,0.0,319.0,25.0,575.0,116.0,1.1045,629.0,8.453832932907479e-05,0.1121338130168668,59,58
Montenegro,599849.0,17375000000.0,204000000.0,3643000000.0,143964.0,2350.0,0.0,480.0,1500.0,550.0,10.0,0.0,0.0,0.0,10.0,0.0,0.0,0.0,0.0,20.0,0.0,0.0,0.0,0.0,0.0,0.0,14.0,0.0,0.0,0.0,12.0,12.0,2.9782,30.0,0.00020838542969075602,0.011741007194244604,128,127
New Zealand,5161211.0,257117000000.0,2455949332.0,230651410000.0,2219321.0,10050.0,3300.0,2875.0,6345.0,2873.0,47.0,0.0,0.0,7.0,21.0,13.0,6.0,0.0,0.0,8.0,0.0,0.0,0.0,2.0,0.0,0.0,4.0,0.0,0.0,0.0,31.0,0.0,1.9258,55.0,2.4782354603052014e-05,0.009551874562942162,90,89
France,68374591.0,3732000000000.0,67232395000.0,7691315390000.0,30084820.0,264000.0,43444.0,44120.0,141600.0,47000.0,974.0,0.0,223.0,118.0,452.0,140.0,44.0,67.0,15.0,166.0,1.0,3.0,11.0,5.0,0.0,9.0,22.0,19.0,427.0,74.0,0.0,9.0,0.1798,1567.0,5.2086068655222135e-05,0.018015111200428726,6,5
Brazil,220051512.0,4165000000000.0,26400000000.0,198582000000.0,112226271.0,376000.0,1340000.0,81000.0,1212217.0,80505.0,495.0,30.0,44.0,107.0,186.0,124.0,25.0,0.0,0.0,69.0,0.0,1.0,0.0,8.0,2.0,6.0,22.0,4.0,294.0,149.0,412.0,82.0,0.2374,858.0,7.645268726785015e-06,0.006338535414165666,11,10
North Macedonia,2135622.0,43844000000.0,421527100.0,5637000000.0,948216.0,10010.0,60000.0,950.0,70011.0,0.0,20.0,0.0,0.0,0.0,10.0,10.0,0.0,4.0,0.0,0.0,0.0,0.0,0.0,0.0,0.0,0.0,0.0,0.0,0.0,0.0,156.0,18.0,2.4956,20.0,2.1092240586533027e-05,0.009614248243773379,114,113
Central African Republic,5650957.0,5926000000.0,300000000.0,724179000.0,2203873.0,30000.0,0.0,100.0,30000.0,0.0,8.0,8.0,0.0,0.0,0.0,0.0,0.0,0.0,0.0,0.0,0.0,0.0,0.0,0.0,0.0,0.0,0.0,0.0,0.0,0.0,0.0,0.0,4.2381,8.0,3.62997323348487e-06,0.05062436719541006,143,142
Uzbekistan,36520593.0,379989000000.0,6210000000.0,25714000000.0,18990708.0,120000.0,0.0,15000.0,95000.0,550.0,159.0,13.0,26.0,12.0,101.0,7.0,0.0,34.0,0.0,0.0,0.0,0.0,0.0,0.0,0.0,0.0,0.0,0.0,470.0,177.0,236.0,108.0,0.9908,629.0,3.3121461295703144e-05,0.016342578337793987,53,52
Yemen,32140443.0,18719000000.0,405187500.0,6492000000.0,12213368.0,33350.0,0.0,3850.0,56350.0,3250.0,160.0,0.0,68.0,3.0,59.0,30.0,0.0,14.0,0.0,26.0,0.0,0.0,0.0,0.0,1.0,0.0,9.0,0.0,0.0,12.0,60.0,30.0,2.1617,186.0,1.5229214414893581e-05,0.021645787702334527,98,97
Russia,140820810.0,6089000000000.0,212638272000.0,226475750000.0,69002197.0,1320000.0,2000000.0,203376.0,600000.0,160000.0,4237.0,698.0,861.0,458.0,1643.0,530.0,137.0,556.0,18.0,747.0,1.0,0.0,13.0,12.0,79.0,66.0,70.0,45.0,5630.0,3603.0,5920.0,2486.0,0.0791,10614.0,0.00015382118920068588,0.034921706684184595,2,1
Zimbabwe,17150352.0,57391000000.0,1976800000.0,6671000000.0,6517134.0,29000.0,0.0,5000.0,25000.0,0.0,80.0,9.0,9.0,14.0,28.0,20.0,0.0,6.0,0.0,0.0,0.0,0.0,0.0,0.0,0.0,0.0,0.0,0.0,60.0,0.0,0.0,0.0,2.2801,140.0,2.1481835420293646e-05,0.034444425084072416,105,104
Jordan,11174024.0,109986000000.0,2668500000.0,21058000000.0,3463947.0,114500.0,100000.0,14000.0,146000.0,5500.0,279.0,10.0,44.0,12.0,159.0,66.0,11.0,44.0,0.0,27.0,0.0,0.0,0.0,0.0,0.0,0.0,27.0,0.0,1508.0,478.0,80.0,84.0,1.5581,1814.0,0.0005236800678532321,0.02426217882275926,74,73
Chile,18664652.0,596556000000.0,6800000000.0,235950000000.0,8959033.0,80000.0,40000.0,7645.0,80000.0,25000.0,274.0,0.0,45.0,33.0,86.0,92.0,18.0,0.0,5.0,130.0,0.0,0.0,0.0,8.0,0.0,4.0,40.0,0.0,386.0,48.0,249.0,9.0,0.8704,790.0,8.817915951420203e-05,0.011398762228525067,49,48
Luxembourg,671254.0,86871000000.0,1530685000.0,5203000000000.0,154388.0,1200.0,0.0,0.0,1200.0,0.0,1.0,0.0,0.0,1.0,0.0,0.0,0.0,0.0,0.0,0.0,0.0,0.0,0.0,0.0,0.0,0.0,0.0,0.0,0.0,0.0,0.0,0.0,2.4429,1.0,6.4771873461668e-06,0.017620206973558494,110,109
Mongolia,3281676.0,59221000000.0,1590000000.0,8379000000.0,1870555.0,35000.0,230000.0,1500.0,35000.0,0.0,8.0,0.0,0.0,3.0,3.0,2.0,0.0,0.0,0.0,0.0,0.0,0.0,0.0,0.0,0.0,0.0,0.0,0.0,420.0,0.0,500.0,130.0,1.9987,428.0,0.0002288090967653985,0.026848584117120617,93,92
Oman,3901992.0,193591000000.0,8364000000.0,55986700000.0,1482757.0,100000.0,0.0,6145.0,100000.0,4200.0,128.0,10.0,29.0,9.0,31.0,45.0,4.0,0.0,0.0,17.0,0.0,0.0,0.0,0.0,5.0,0.0,8.0,0.0,264.0,24.0,144.0,0.0,1.8823,409.0,0.0002758375107991397,0.04320448781193341,86,85
Syria,23865423.0,98858000000.0,145925000.0,4441250000.0,15273871.0,100000.0,0.0,7500.0,100000.0,3250.0,104.0,5.0,52.0,2.0,39.0,8.0,0.0,7.0,0.0,12.0,0.0,0.0,0.0,0.0,0.0,0.0,8.0,0.0,168.0,60.0,0.0,0.0,1.8861,284.0,1.859384565968902e-05,0.00147610714357968,87,86
Republic Of The Congo,6097665.0,39147000000.0,933360000.0,6360000000.0,2256136.0,10000.0,0.0,675.0,9325.0,0.0,14.0,0.0,2.0,4.0,8.0,0.0,0.0,1.0,0.0,4.0,0.0,0.0,0.0,0.0,0.0,0.0,0.0,0.0,61.0,3.0,38.0,30.0,2.6259,79.0,3.501561962576724e-05,0.023842440033719058,117,116
Algeria,47022473.0,722912000000.0,25000000000.0,4764000000.0,22570787.0,130000.0,150000.0,14000.0,280000.0,15000.0,620.0,42.0,111.0,63.0,300.0,90.0,10.0,74.0,4.0,111.0,0.0,0.0,0.0,8.0,8.0,6.0,75.0,3.0,1485.0,224.0,483.0,188.0,0.4849,2216.0,9.818000586333122e-05,0.034582355805409234,27,26
Taiwan,23595274.0,1743000000000.0,31180000000.0,229900000000.0,12269542.0,230000.0,1657000.0,125000.0,94000.0,107000.0,720.0,0.0,258.0,19.0,239.0,215.0,18.0,91.0,0.0,91.0,0.0,0.0,4.0,21.0,7.0,4.0,36.0,10.0,1090.0,488.0,1360.0,223.0,0.3927,1901.0,0.00015493650863251457,0.017888697647733792,22,21
Moldova,3599528.0,39342000000.0,114114000.0,2637000000.0,2159717.0,6500.0,2000.0,700.0,4000.0,0.0,3.0,0.0,0.0,1.0,2.0,0.0,0.0,0.0,0.0,0.0,0.0,0.0,0.0,0.0,0.0,0.0,0.0,0.0,0.0,4.0,67.0,11.0,3.6225,3.0,1.3890708828980834e-06,0.0029005642824462404,136,135
Thailand,69920998.0,1558000000000.0,6006660000.0,37065000000.0,36358919.0,360850.0,200000.0,46000.0,245000.0,69850.0,496.0,26.0,73.0,52.0,258.0,134.0,25.0,7.0,0.0,304.0,0.0,1.0,0.0,7.0,5.0,0.0,254.0,5.0,744.0,59.0,595.0,17.0,0.4458,1544.0,4.2465508944311575e-05,0.0038553658536585366,24,23
Qatar,2552088.0,317064000000.0,11950000000.0,205700000000.0,638022.0,26550.0,4000.0,2000.0,12500.0,2500.0,263.0,6.0,115.0,12.0,85.0,45.0,0.0,24.0,0.0,125.0,0.0,0.0,0.0,0.0,4.0,0.0,107.0,0.0,62.0,46.0,12.0,16.0,1.4096,450.0,0.000705304832748714,0.03768955163626271,71,70
Armenia,2976765.0,60909000000.0,1480000000.0,6002000000.0,1666988.0,65000.0,210000.0,5000.0,65000.0,0.0,69.0,14.0,4.0,3.0,36.0,12.0,0.0,20.0,0.0,0.0,0.0,0.0,0.0,0.0,0.0,0.0,0.0,0.0,109.0,104.0,193.0,100.0,2.2016,178.0,0.00010677941292918725,0.024298543729169744,101,100
Latvia,1801246.0,72516000000.0,42000000.0,48598440000.0,810561.0,17870.0,38000.0,250.0,55870.0,1000.0,3.0,0.0,0.0,0.0,3.0,0.0,0.0,0.0,0.0,18.0,0.0,0.0,0.0,0.0,0.0,0.0,11.0,6.0,0.0,47.0,0.0,0.0,2.2316,21.0,2.590798224933102e-05,0.0005791825252358101,102,101
Germany,84119100.0,5247000000000.0,127400090000.0,6862470230000.0,38694786.0,184324.0,860000.0,27725.0,63000.0,15531.0,569.0,63.0,127.0,55.0,292.0,16.0,27.0,49.0,3.0,96.0,0.0,0.0,0.0,11.0,6.0,6.0,54.0,12.0,296.0,134.0,0.0,33.0,0.2463,961.0,2.4835387382682513e-05,0.024280558414332,12,11
Japan,123201945.0,5715000000000.0,58000000000.0,5147667910000.0,52976836.0,251500.0,56000.0,50000.0,206700.0,50800.0,1429.0,47.0,217.0,53.0,583.0,399.0,135.0,118.0,10.0,158.0,0.0,4.0,41.0,8.0,0.0,23.0,6.0,18.0,734.0,193.0,480.0,99.0,0.1876,2321.0,4.381160097971876e-05,0.010148731408573928,7,6
Poland,38746310.0,1649000000000.0,55865141600.0,425641700000.0,18985692.0,250000.0,350000.0,16500.0,110000.0,8240.0,457.0,12.0,58.0,44.0,224.0,112.0,11.0,29.0,0.0,63.0,0.0,0.0,0.0,2.0,2.0,1.0,3.0,29.0,798.0,593.0,0.0,298.0,0.3891,1318.0,6.942069849231727e-05,0.03387819381443299,21,20
Ecuador,18309984.0,252728000000.0,2963400000.0,39658000000.0,8422593.0,41250.0,118000.0,6200.0,25650.0,9400.0,99.0,0.0,0.0,20.0,43.0,34.0,8.0,0.0,0.0,30.0,0.0,0.0,0.0,2.0,6.0,2.0,5.0,0.0,202.0,5.0,106.0,24.0,1.4479,331.0,3.929906146480069e-05,0.011725649710360546,72,71
Albania,3107100.0,51360000000.0,720037190.0,5363000000.0,1522479.0,7500.0,0.0,650.0,2335.0,1000.0,20.0,0.0,0.0,1.0,19.0,0.0,0.0,0.0,0.0,33.0,0.0,0.0,0.0,0.0,0.0,0.0,33.0,0.0,0.0,10.0,0.0,270.0,1.7258,53.0,3.481164600628317e-05,0.014019415693146417,77,76
Turkey,84119531.0,3018000000000.0,51400000000.0,149654000000.0,42985080.0,481000.0,380000.0,52850.0,401500.0,100000.0,1101.0,0.0,201.0,84.0,509.0,301.0,27.0,111.0,7.0,192.0,0.0,1.0,0.0,17.0,9.0,14.0,40.0,11.0,2284.0,1045.0,635.0,237.0,0.1975,3577.0,8.321492015369054e-05,0.0170311464546057,9,8
Egypt,111247248.0,1958000000000.0,5193500000.0,117272000000.0,45611372.0,438500.0,479000.0,50000.0,685000.0,50000.0,1088.0,90.0,242.0,53.0,348.0,344.0,11.0,100.0,0.0,149.0,0.0,2.0,0.0,13.0,7.0,8.0,61.0,17.0,3620.0,1056.0,962.0,648.0,0.3651,4857.0,0.00010648660163083891,0.0026524514811031665,19,18
India,1409128296.0,14244000000000.0,109000000000.0,212728000000.0,662290299.0,1431000.0,1000000.0,289000.0,2148000.0,148869.0,2183.0,124.0,476.0,277.0,594.0,334.0,72.0,79.0,6.0,343.0,2.0,0.0,13.0,18.0,21.0,18.0,146.0,0.0,3913.0,100.0,5640.0,300.0,0.1346,6439.0,9.722322687984895e-06,0.007652344846953103,4,3
Ireland,5233461.0,620544000000.0,1754400500.0,3630000000000.0,2407392.0,7557.0,1720.0,690.0,7705.0,800.0,23.0,0.0,0.0,5.0,8.0,8.0,2.0,0.0,0.0,8.0,0.0,0.0,0.0,0.0,0.0,0.0,8.0,0.0,0.0,0.0,0.0,0.0,2.0661,31.0,1.2877005489758212e-05,0.002827197587922855,94,93
Uruguay,3425330.0,108502000000.0,1903440000.0,54450000000.0,1575652.0,24000.0,0.0,2850.0,15450.0,5700.0,43.0,6.0,0.0,6.0,12.0,12.0,5.0,0.0,2.0,16.0,0.0,0.0,0.0,0.0,0.0,0.0,5.0,2.0,62.0,16.0,83.0,4.0,2.1537,121.0,7.679360671011111e-05,0.017542902434978157,97,96
Romania,18148155.0,774376000000.0,10230630000.0,145200000000.0,9437041.0,90000.0,55000.0,11700.0,39250.0,6800.0,148.0,0.0,29.0,13.0,66.0,44.0,2.0,0.0,0.0,18.0,0.0,0.0,0.0,3.0,7.0,0.0,0.0,7.0,451.0,0.0,720.0,243.0,0.9558,617.0,6.538066328206056e-05,0.013211450251557382,52,51
Senegal,18847519.0,83183000000.0,777800000.0,14985000000.0,7162057.0,17000.0,0.0,1000.0,15460.0,500.0,39.0,0.0,0.0,5.0,19.0,22.0,1.0,5.0,0.0,4.0,0.0,0.0,0.0,0.0,0.0,0.0,4.0,0.0,0.0,0.0,20.0,6.0,2.8925,43.0,6.003861739720865e-06,0.009350468244713464,126,125
Sweden,10589835.0,668628000000.0,15900000000.0,1102693570000.0,4235934.0,25600.0,34000.0,8255.0,15300.0,2100.0,172.0,0.0,73.0,6.0,53.0,36.0,3.0,0.0,1.0,279.0,0.0,0.0,0.0,0.0,7.0,4.0,116.0,8.0,110.0,24.0,0.0,0.0,0.4834,561.0,0.00013243832410986573,0.02378003912489456,26,25
Kosovo,1977093.0,25019000000.0,1177450000.0,785739000.0,917371.0,4000.0,5000.0,0.0,9000.0,0.0,0.0,0.0,0.0,0.0,0.0,0.0,0.0,0.0,0.0,0.0,0.0,0.0,0.0,0.0,0.0,0.0,0.0,0.0,0.0,0.0,0.0,0.0,3.8041,0.0,0.0,0.04706223270314561,138,137
Peru,32600249.0,535911000000.0,2552000000.0,38102000000.0,15648120.0,120000.0,386000.0,12100.0,92500.0,26000.0,252.0,22.0,15.0,39.0,112.0,68.0,12.0,16.0,0.0,78.0,0.0,0.0,0.0,7.0,8.0,6.0,13.0,0.0,355.0,12.0,290.0,61.0,0.8827,685.0,4.3775226672597095e-05,0.004761984732539545,50,49
Myanmar,57527139.0,287559000000.0,2815031361.0,8748000000.0,30489384.0,228000.0,19000.0,25000.0,255000.0,30000.0,331.0,20.0,70.0,33.0,86.0,120.0,5.0,9.0,0.0,239.0,0.0,0.0,0.0,6.0,3.0,3.0,146.0,2.0,1040.0,225.0,1680.0,1520.0,0.6265,1610.0,5.280526494074134e-05,0.00978940447351674,35,34
Zambia,20799116.0,79207000000.0,385321000.0,16597000000.0,7279691.0,15150.0,0.0,3745.0,13250.0,0.0,78.0,0.0,0.0,13.0,33.0,34.0,0.0,0.0,0.0,0.0,0.0,0.0,0.0,0.0,0.0,0.0,0.0,0.0,75.0,12.0,60.0,50.0,2.4461,153.0,2.1017375600145667e-05,0.004864734177534814,111,110
Laos,7953556.0,66905000000.0,355600000.0,9619000000.0,3499565.0,100000.0,30000.0,500.0,130000.0,2000.0,29.0,0.0,0.0,2.0,20.0,7.0,0.0,0.0,0.0,0.0,0.0,0.0,0.0,0.0,0.0,0.0,0.0,0.0,160.0,50.0,97.0,64.0,2.8672,189.0,5.4006712262809806e-05,0.005314998879007548,125,124
Hungary,9855745.0,389207000000.0,5887250000.0,151250000000.0,4632200.0,41600.0,20000.0,5750.0,32000.0,0.0,80.0,0.0,12.0,3.0,50.0,17.0,0.0,8.0,0.0,0.0,0.0,0.0,0.0,0.0,0.0,0.0,0.0,0.0,220.0,24.0,295.0,0.0,1.0429,300.0,6.476404300332455e-05,0.015126269568635713,57,56
Italy,60964931.0,3133000000000.0,37325165000.0,3025000000000.0,27434219.0,165500.0,18300.0,43000.0,97755.0,30000.0,714.0,65.0,88.0,31.0,352.0,152.0,22.0,37.0,8.0,285.0,2.0,0.0,3.0,14.0,0.0,8.0,15.0,10.0,203.0,64.0,108.0,21.0,0.2211,1202.0,4.3813895339976694e-05,0.011913554101500159,10,9
Bulgaria,6782659.0,219645000000.0,2485350000.0,14277000000.0,3187850.0,36950.0,3000.0,8500.0,39950.0,4450.0,71.0,5.0,11.0,6.0,23.0,26.0,0.0,4.0,0.0,45.0,0.0,0.0,0.0,6.0,3.0,0.0,0.0,17.0,334.0,48.0,24.0,24.0,1.2522,450.0,0.00014116097056009536,0.011315304240934234,62,61
Kenya,58246378.0,328632000000.0,1651803025.0,31451000000.0,21551160.0,50000.0,0.0,4175.0,50000.0,2500.0,154.0,0.0,17.0,21.0,84.0,30.0,2.0,2.0,0.0,27.0,0.0,0.0,0.0,0.0,0.0,0.0,18.0,0.0,188.0,18.0,53.0,0.0,1.8588,369.0,1.7122048186733337e-05,0.005026300010345919,84,83
Uganda,49283041.0,144137000000.0,1510000000.0,10469000000.0,16756234.0,45000.0,0.0,1200.0,43800.0,0.0,51.0,0.0,6.0,3.0,30.0,12.0,0.0,6.0,0.0,0.0,0.0,0.0,0.0,0.0,0.0,0.0,0.0,0.0,259.0,6.0,26.0,12.0,2.3252,310.0,1.850057715832806e-05,0.010476144223898098,107,106
Switzerland,8860574.0,741035000000.0,8372658426.0,2420000000000.0,3898653.0,147178.0,0.0,20000.0,127178.0,0.0,141.0,0.0,40.0,16.0,39.0,43.0,3.0,0.0,0.0,0.0,0.0,0.0,0.0,0.0,0.0,0.0,0.0,0.0,134.0,133.0,0.0,0.0,0.8396,275.0,7.053718297063114e-05,0.011298600506048972,46,45
