country,gdp,defense_budget,total_manpower,active_personnel,reserve_personnel,air_force_personnel,army_personnel,navy_personnel,total_aircraft,attack_aircraft,fighter_aircraft,transport_aircraft,helicopters,special_mission_aircraft,trainer_aircraft,attack_helicopters,tanker_aircraft,naval_assets,aircraft_carriers,helicopter_carriers,destroyers,frigates,corvettes,submarines,patrol_vessel,mine_warfare,tanks,self_propelled_artillery,towed_artillery,rocket_artillery,external_debt,power_index,assets_per_capita,budget_to_gdp_ratio,power_index_rank,power_index_rank_gap,region,continent,alliance_flag,flag
Israel,472177000000.0,34600000000.0,3949099,169500,"4,65,000","89,000","5,26,000","19,500",597,45,239,14,127,19,148,48,13,82,0.0,0.0,0.0,0.0,7.0,6.0,66.0,0.0,13001040,323,171,228,163350000000.0,0.2707,3.29232541,0.07327761,15,14,Asia,Asia,Non-NATO,https://flagcdn.com/w320/il.png
Cambodia,123676000000.0,750000000.0,8190561,124300,0,"1,500","75,000","2,800",24,0,0,4,20,0,0,0,0,20,0.0,0.0,0.0,0.0,0.0,0.0,20.0,0.0,520286,30,525,521,8019000000.0,1.8434,0.063528,0.00606423,83,82,Asia,Asia,Non-NATO,https://flagcdn.com/w320/kh.png
Paraguay,112919000000.0,416800000.0,3535598,15650,"1,68,500","1,100","1,80,000","5,400",49,4,0,12,18,1,14,0,0,41,,,,,,,,,106,6,50,0,13783000000.0,1.7974,5.544e-05,0.00369114,81,80,South America,South America,Non-NATO,https://flagcdn.com/w320/py.png
Italy,3133000000000.0,37325165000.0,27434219,165500,"18,300","43,000","97,755","30,000",714,65,88,31,352,22,152,37,8,285,2.0,0.0,3.0,14.0,0.0,8.0,15.0,10.0,203142,64,108,21,3025000000000.0,0.2211,0.00744111,0.01191355,10,9,Europe,Europe,NATO,https://flagcdn.com/w320/it.png
Niger,47921000000.0,488400000.0,7902835,25000,0,"1,250","10,000",0,26,2,0,7,13,2,0,2,0,41,,,,,,,,,0,0,0,0,3793000000.0,2.6867,8.48e-06,0.01019177,120,119,Africa,Africa,Non-NATO,https://flagcdn.com/w320/ne.png
Czech Republic,521928000000.0,9174000000.0,5093808,30334,"4,900","3,120","13,000",0,103,16,12,10,42,2,21,4,0,41,,,,,,,,,2014,53,0,16,232320000000.0,1.0313,0.00042365,0.01757714,55,54,Europe,Europe,NATO,https://flagcdn.com/w320/cz.png
Netherlands,1276000000000.0,31791150000.0,7997570,44245,"8,510","9,500","53,212","24,822",130,38,0,4,67,0,21,16,0,140,0.0,0.0,0.0,6.0,0.0,3.0,76.0,3.0,1813,46,0,4,5257950000000.0,0.6142,0.00026045,0.02491469,34,33,Europe,Europe,NATO,https://flagcdn.com/w320/nl.png
Estonia,57001000000.0,2375000000.0,584958,7700,"2,30,000",400,"44,000",550,2,0,0,2,0,0,0,0,0,8,0.0,0.0,0.0,0.0,0.0,0.0,4.0,4.0,0,48,0,6,29040000000.0,2.3201,1.71e-05,0.04166594,106,105,Europe,Europe,NATO,https://flagcdn.com/w320/ee.png
Tunisia,156086000000.0,2172751250.0,6024424,89800,0,"4,500","1,50,000","5,000",155,0,10,12,101,4,28,0,0,37,0.0,0.0,0.0,1.0,1.0,0.0,30.0,0.0,14587,0,105,0,21212000000.0,1.7823,0.00245318,0.01392022,79,78,Africa,Africa,Non-NATO,https://flagcdn.com/w320/tn.png
Belgium,749229000000.0,14900000000.0,4910830,26390,"6,600","5,700","11,547","1,355",104,12,44,7,14,0,27,0,0,9,0.0,0.0,0.0,2.0,0.0,0.0,2.0,5.0,0,0,0,0,1594190000000.0,1.2201,2.301e-05,0.01988711,61,60,Europe,Europe,NATO,https://flagcdn.com/w320/be.png
Bolivia,122200000000.0,467670000.0,5417269,40000,"40,000","10,000","43,000","4,500",67,0,0,15,29,2,20,0,0,41,,,,,,,,,5430,0,58,0,11174000000.0,1.8301,0.00102229,0.00382709,82,81,South America,South America,Non-NATO,https://flagcdn.com/w320/bo.png
Eritrea,2534000000.0,219000000.0,2220385,350000,"6,80,000",250,"2,75,000","1,100",20,0,1,5,13,0,1,6,0,23,0.0,0.0,0.0,0.0,0.0,0.0,18.0,0.0,14867,45,89,44,461376000.0,2.6841,0.00671505,0.08642463,119,118,Africa,Africa,Non-NATO,https://flagcdn.com/w320/er.png
Moldova,39342000000.0,114114000.0,2159717,6500,"2,000",700,"4,000",0,3,0,0,1,2,0,0,0,0,41,,,,,,,,,0,4,67,11,2637000000.0,3.6225,2.037e-05,0.00290056,136,135,Europe,Europe,Non-NATO,https://flagcdn.com/w320/md.png
Japan,5715000000000.0,58000000000.0,52976836,251500,"56,000","50,000","2,06,700","50,800",1429,47,217,53,583,135,399,118,10,158,0.0,4.0,41.0,8.0,0.0,23.0,6.0,18.0,734587,193,480,99,5147670000000.0,0.1876,0.01389615,0.01014873,7,6,Asia,Asia,Non-NATO,https://flagcdn.com/w320/jp.png
Norway,507680000000.0,11189483200.0,2203893,33440,"20,100","3,650","8,735","4,010",109,43,0,4,34,5,23,0,0,48,0.0,0.0,0.0,4.0,6.0,6.0,20.0,5.0,3625,28,0,0,787758000000.0,0.6679,0.00171605,0.02204043,39,38,Europe,Europe,NATO,https://flagcdn.com/w320/no.png
Croatia,164825000000.0,2744000000.0,2033557,14325,"20,100","1,500","7,000","1,365",67,0,12,0,37,0,26,0,0,30,0.0,0.0,0.0,0.0,0.0,0.0,11.0,1.0,5544,25,42,42,60500000000.0,1.5432,0.00277396,0.01664796,73,72,Europe,Europe,NATO,https://flagcdn.com/w320/hr.png
Slovenia,103118000000.0,1782000000.0,1006989,7000,"26,000",615,"32,035",350,40,0,0,5,16,0,23,0,0,3,0.0,0.0,0.0,0.0,0.0,0.0,3.0,0.0,5438,17,18,0,60500000000.0,1.9404,0.00544296,0.01728117,91,90,Europe,Europe,NATO,https://flagcdn.com/w320/si.png
France,3732000000000.0,67232395000.0,30084820,264000,"43,444","44,120","1,41,600","47,000",974,0,223,118,452,44,140,67,15,166,1.0,3.0,11.0,5.0,0.0,9.0,22.0,19.0,427342,74,0,9,7691320000000.0,0.1798,0.01424247,0.01801511,6,5,Europe,Europe,NATO,https://flagcdn.com/w320/fr.png
Spain,2361000000000.0,39000676350.0,21748999,121802,"24,033","23,000","85,978","20,840",440,12,136,51,169,8,108,17,0,175,1.0,0.0,0.0,11.0,0.0,2.0,112.0,6.0,298209,96,188,0,2830010000000.0,0.3247,0.01373967,0.01651871,18,17,Europe,Europe,NATO,https://flagcdn.com/w320/es.png
Chile,596556000000.0,6800000000.0,8959033,80000,"40,000","7,645","80,000","25,000",274,0,45,33,86,18,92,0,5,130,0.0,0.0,0.0,8.0,0.0,4.0,40.0,0.0,386251,48,249,9,235950000000.0,0.8704,0.04315812,0.01139876,49,48,South America,South America,Non-NATO,https://flagcdn.com/w320/cl.png
Ecuador,252728000000.0,2963400000.0,8422593,41250,"1,18,000","6,200","25,650","9,400",99,0,0,20,43,8,34,0,0,30,0.0,0.0,0.0,2.0,6.0,2.0,5.0,0.0,202121,5,106,24,39658000000.0,1.4479,0.0240128,0.01172565,72,71,South America,South America,Non-NATO,https://flagcdn.com/w320/ec.png
Algeria,722912000000.0,25000000000.0,22570787,130000,"1,50,000","14,000","2,80,000","15,000",620,42,111,63,300,10,90,74,4,111,0.0,0.0,0.0,8.0,8.0,6.0,75.0,3.0,1485965,224,483,188,4764000000.0,0.4849,0.06586815,0.03458236,27,26,Africa,Africa,Non-NATO,https://flagcdn.com/w320/dz.png
Saudi Arabia,2213000000000.0,63988055520.0,19003104,247000,0,"30,000","75,000","13,500",917,81,283,49,264,16,202,34,22,32,0.0,0.0,0.0,7.0,9.0,0.0,9.0,3.0,1085705,380,557,327,248171000000.0,0.4473,0.05718297,0.02891462,25,24,Asia,Asia,Non-NATO,https://flagcdn.com/w320/sa.png
Finland,313591000000.0,8890000000.0,2306830,24000,"8,70,000","41,100","42,000","6,700",162,0,53,11,27,1,77,0,0,165,0.0,0.0,0.0,0.0,0.0,0.0,8.0,18.0,200150,125,667,76,726000000000.0,0.8673,0.08690584,0.02834903,48,47,Europe,Europe,NATO,https://flagcdn.com/w320/fi.png
Russia,6089000000000.0,212638000000.0,69002197,1320000,"20,00,000","2,03,376","6,00,000","1,60,000",4237,698,861,458,1643,137,530,556,18,747,1.0,0.0,13.0,12.0,79.0,66.0,70.0,45.0,56303941,3603,5920,2486,226476000000.0,0.0791,0.81604539,0.03492171,2,1,Other,Other,Non-NATO,https://flagcdn.com/w320/ru.png
Armenia,60909000000.0,1480000000.0,1666988,65000,"2,10,000","5,000","65,000",0,69,14,4,3,36,0,12,20,0,41,,,,,,,,,10960,104,193,100,6002000000.0,2.2016,0.00664072,0.02429854,101,100,Asia,Asia,Non-NATO,https://flagcdn.com/w320/am.png
Turkmenistan,134555000000.0,1463000000.0,2768681,36500,0,"3,000","42,760","2,000",91,27,22,5,26,0,11,10,0,16,0.0,0.0,0.0,0.0,0.0,0.0,16.0,0.0,654392,73,457,164,3696000000.0,1.7459,0.23639379,0.01087288,78,77,Asia,Asia,Non-NATO,https://flagcdn.com/w320/tm.png
Republic Of The Congo,39147000000.0,933360000.0,2256136,10000,0,675,"9,325",0,14,0,2,4,8,0,0,1,0,4,0.0,0.0,0.0,0.0,0.0,0.0,0.0,0.0,6131,3,38,30,6360000000.0,2.6259,0.00272546,0.02384244,117,116,Africa,Africa,Non-NATO,https://flagcdn.com/w320/cg.png
Thailand,1558000000000.0,6006660000.0,36358919,360850,"2,00,000","46,000","2,45,000","69,850",496,26,73,52,258,25,134,7,0,304,0.0,1.0,0.0,7.0,5.0,0.0,254.0,5.0,744484,59,595,17,37065000000.0,0.4458,0.02049797,0.00385537,24,23,Asia,Asia,Non-NATO,https://flagcdn.com/w320/th.png
Cameroon,143264000000.0,835694942.0,10528476,38000,0,420,"47,000","1,000",35,0,0,6,21,2,6,0,0,19,0.0,0.0,0.0,0.0,0.0,0.0,19.0,0.0,0,18,52,20,11112000000.0,2.1689,5.13e-06,0.00583325,99,98,Africa,Africa,Non-NATO,https://flagcdn.com/w320/cm.png
Iraq,585887000000.0,8000000000.0,17675043,193000,0,"5,000","1,80,000","3,000",360,36,26,15,183,17,111,39,0,67,0.0,0.0,0.0,0.0,1.0,0.0,55.0,0.0,1188713,434,610,572,15580000000.0,0.8115,0.06727791,0.01365451,44,43,Asia,Asia,Non-NATO,https://flagcdn.com/w320/iq.png
Hungary,389207000000.0,5887250000.0,4632200,41600,"20,000","5,750","32,000",0,80,0,12,3,50,0,17,8,0,41,,,,,,,,,220154,24,295,0,151250000000.0,1.0429,0.047553,0.01512627,57,56,Europe,Europe,NATO,https://flagcdn.com/w320/hu.png
Iran,1486000000000.0,9230000000.0,49496685,610000,"3,50,000","37,000","3,50,000","20,000",551,21,188,86,129,10,103,13,6,109,0.0,0.0,0.0,7.0,3.0,25.0,21.0,1.0,26751605,424,1803,1550,6759000000.0,0.3199,0.54048599,0.00621131,16,15,Asia,Asia,Non-NATO,https://flagcdn.com/w320/ir.png
Slovakia,218762000000.0,2900000000.0,2837461,20982,0,"3,200","18,282",0,48,0,7,7,22,1,11,0,0,41,,,,,,,,,4532,35,9,25,140360000000.0,1.3911,0.00162857,0.01325642,69,68,Europe,Europe,NATO,https://flagcdn.com/w320/sk.png
Mozambique,51786000000.0,480000000.0,14674420,11200,0,"4,000","11,200","1,000",23,2,8,5,7,0,1,2,0,36,0.0,0.0,0.0,0.0,0.0,0.0,36.0,0.0,6030,0,104,12,8274000000.0,1.9769,0.00041494,0.00926891,92,91,Africa,Africa,Non-NATO,https://flagcdn.com/w320/mz.png
Albania,51360000000.0,720037190.0,1522479,7500,0,650,"2,335","1,000",20,0,0,1,19,0,0,0,0,33,0.0,0.0,0.0,0.0,0.0,0.0,33.0,0.0,0,10,0,270,5363000000.0,1.7258,3.481e-05,0.01401942,77,76,Europe,Europe,NATO,https://flagcdn.com/w320/al.png
Turkey,3018000000000.0,51400000000.0,42985080,481000,"3,80,000","52,850","4,01,500","1,00,000",1101,0,201,84,509,27,301,111,7,192,0.0,1.0,0.0,17.0,9.0,14.0,40.0,11.0,22841599,1045,635,237,149654000000.0,0.1975,0.53141443,0.01703115,9,8,Other,Other,NATO,https://flagcdn.com/w320/tr.png
Tajikistan,50370000000.0,450460000.0,4781269,150000,"6,00,000","1,200","9,000",0,25,0,0,1,20,0,4,6,0,41,,,,,,,,,3823,3,13,24,3024000000.0,2.1749,0.00081338,0.00894302,100,99,Asia,Asia,Non-NATO,https://flagcdn.com/w320/tj.png
Kenya,328632000000.0,1651803025.0,21551160,50000,0,"4,175","50,000","2,500",154,0,17,21,84,2,30,2,0,27,0.0,0.0,0.0,0.0,0.0,0.0,18.0,0.0,188103,18,53,0,31451000000.0,1.8588,0.00873661,0.0050263,84,83,Africa,Africa,Non-NATO,https://flagcdn.com/w320/ke.png
Democratic Republic Of The Congo,164367000000.0,960000000.0,39237029,166580,"30,800","2,550","1,03,000","6,700",56,6,0,10,38,0,2,9,0,16,0.0,0.0,0.0,0.0,0.0,0.0,16.0,0.0,212117,16,125,81,7926000000.0,1.3051,0.00540788,0.00584059,64,63,Other,Other,Non-NATO,https://flagcdn.com/w320/cd.png
Afghanistan,82238000000.0,145000000.0,15647405,75000,0,0,"1,65,000",0,5,0,0,2,3,0,0,0,0,41,,,,,,,,,0,0,0,0,1929750000.0,2.7342,2.94e-06,0.00176318,121,120,Asia,Asia,Non-NATO,https://flagcdn.com/w320/af.png
Burkina Faso,60001000000.0,4590000000.0,8525614,7500,0,300,"7,000",0,26,3,0,2,19,2,0,5,0,41,,,,,,,,,0,0,8,9,3565000000.0,2.9213,7.86e-06,0.07649873,127,126,Africa,Africa,Non-NATO,https://flagcdn.com/w320/bf.png
Pakistan,1390000000000.0,9102115350.0,108516336,660000,"5,50,000","78,000","13,11,500","57,500",1397,90,331,63,379,27,563,55,4,120,0.0,0.0,0.0,9.0,6.0,8.0,79.0,3.0,26771740,662,2629,652,89148000000.0,0.2626,0.24672098,0.00654828,14,13,Asia,Asia,Non-NATO,https://flagcdn.com/w320/pk.png
Kazakhstan,739385000000.0,5836386000.0,9117003,110000,"1,35,000","12,000","80,000","3,000",168,13,37,21,72,0,25,12,0,26,0.0,0.0,0.0,0.0,0.0,0.0,23.0,2.0,353212,126,194,287,25765000000.0,1.0433,0.0387634,0.00789357,58,57,Asia,Asia,Non-NATO,https://flagcdn.com/w320/kz.png
Bahrain,93937000000.0,997015509.0,846120,18400,"1,10,000","1,500","1,30,000",700,137,0,28,3,66,0,40,34,0,64,0.0,0.0,0.0,2.0,2.0,0.0,50.0,0.0,15090,38,26,18,54450000000.0,1.6731,0.0180719,0.01061366,75,74,Asia,Asia,Non-NATO,https://flagcdn.com/w320/bh.png
Tanzania,246706000000.0,1476113361.0,12143182,25000,0,"1,825","21,975","1,200",38,0,11,6,15,0,6,0,0,12,0.0,0.0,0.0,0.0,0.0,0.0,10.0,0.0,200100,0,205,70,17513000000.0,1.9111,0.0164825,0.00598329,89,88,Africa,Africa,Non-NATO,https://flagcdn.com/w320/tz.png
Guatemala,232673000000.0,616000000.0,7484639,106114,"90,000","2,210","1,96,114","3,200",35,3,0,10,20,2,0,0,0,25,0.0,0.0,0.0,0.0,0.0,0.0,20.0,0.0,0,0,110,0,11862000000.0,2.1277,8.02e-06,0.00264749,96,95,North America,North America,Non-NATO,https://flagcdn.com/w320/gt.png
Qatar,317064000000.0,11950000000.0,638022,26550,"4,000","2,000","12,500","2,500",263,6,115,12,85,0,45,24,0,125,0.0,0.0,0.0,0.0,4.0,0.0,107.0,0.0,6240,46,12,16,205700000000.0,1.4096,0.01038836,0.03768955,71,70,Asia,Asia,Non-NATO,https://flagcdn.com/w320/qa.png
Montenegro,17375000000.0,204000000.0,143964,2350,0,480,"1,500",550,10,0,0,0,10,0,0,0,0,20,0.0,0.0,0.0,0.0,0.0,0.0,14.0,0.0,0,0,12,12,3643000000.0,2.9782,0.00020839,0.01174101,128,127,Europe,Europe,NATO,https://flagcdn.com/w320/me.png
Ghana,243124000000.0,954423756.0,14873310,15500,0,"1,860","55,000","1,200",18,0,0,2,9,2,5,0,0,20,0.0,0.0,0.0,0.0,0.0,0.0,20.0,0.0,0,0,6,6,29241000000.0,2.4566,2.55e-06,0.00392567,112,111,Africa,Africa,Non-NATO,https://flagcdn.com/w320/gh.png
Libya,90609000000.0,1474800000.0,3827857,32000,0,"1,000","85,000","7,500",83,1,10,12,22,0,35,4,0,5,0.0,0.0,0.0,1.0,0.0,0.0,2.0,0.0,5522,20,38,25,3654200000.0,1.7872,0.00146557,0.01627653,80,79,Africa,Africa,Non-NATO,https://flagcdn.com/w320/ly.png
El Salvador,73961000000.0,1037200000.0,3181777,25000,0,"2,000","20,500","2,000",51,15,0,3,28,0,10,0,0,13,0.0,0.0,0.0,0.0,0.0,0.0,8.0,0.0,0,0,76,0,12668000000.0,2.9973,2.011e-05,0.01402361,129,128,North America,North America,Non-NATO,https://flagcdn.com/w320/sv.png
China,33598000000000.0,303000000000.0,764123366,2035000,"5,10,000","4,03,000","25,45,000","3,84,000",3529,371,1443,287,1007,105,401,281,9,841,3.0,4.0,53.0,46.0,50.0,61.0,150.0,36.0,58704696,2940,1400,2770,488114000000.0,0.0919,0.07683192,0.00901839,3,2,Asia,Asia,Non-NATO,https://flagcdn.com/w320/cn.png
Cuba,81165000000.0,3301500000.0,5921661,50000,"40,000","4,120","90,000","3,550",20,0,11,4,13,0,3,4,0,19,0.0,0.0,0.0,1.0,1.0,0.0,6.0,4.0,194107,140,364,200,36372600000.0,1.3345,0.03278573,0.0406764,65,64,North America,North America,Non-NATO,https://flagcdn.com/w320/cu.png
South Korea,2607000000000.0,44800000000.0,26040900,450000,"31,00,000","65,000","3,65,000","70,000",1540,98,242,40,827,35,335,113,4,215,0.0,2.0,14.0,18.0,3.0,22.0,96.0,14.0,18311282,2780,5800,525,553871000000.0,0.1642,0.70324132,0.0171845,5,4,Asia,Asia,Non-NATO,https://flagcdn.com/w320/kr.png
New Zealand,257117000000.0,2455949332.0,2219321,10050,"3,300","2,875","6,345","2,873",47,0,0,7,21,6,13,0,0,8,0.0,0.0,0.0,2.0,0.0,0.0,4.0,0.0,0,0,31,0,230651000000.0,1.9258,2.478e-05,0.00955187,90,89,Oceania,Oceania,Non-NATO,https://flagcdn.com/w320/nz.png
Latvia,72516000000.0,42000000.0,810561,17870,"38,000",250,"55,870","1,000",3,0,0,0,3,0,0,0,0,18,0.0,0.0,0.0,0.0,0.0,0.0,11.0,6.0,0,47,0,0,48598440000.0,2.2316,2.591e-05,0.00057918,102,101,Europe,Europe,NATO,https://flagcdn.com/w320/lv.png
Sudan,94420000000.0,394700000.0,26747657,300000,"2,00,000","13,000","4,85,500","2,000",183,36,37,13,64,0,33,35,0,10,0.0,0.0,0.0,0.0,0.0,0.0,10.0,0.0,1055580,100,1150,800,21650000000.0,1.3563,0.03947161,0.00418026,66,65,Africa,Africa,Non-NATO,https://flagcdn.com/w320/sd.png
Sierra Leone,26728000000.0,450000000.0,2006631,13000,0,175,"12,575",250,1,0,0,0,1,0,0,0,0,10,0.0,0.0,0.0,0.0,0.0,0.0,10.0,0.0,0,0,0,0,1451000000.0,3.9201,5.48e-06,0.01683628,140,139,Africa,Africa,Non-NATO,https://flagcdn.com/w320/sl.png
Argentina,1213000000000.0,993919790.0,20677529,108000,"12,370","14,000","1,08,000","18,370",241,11,23,25,96,13,71,0,2,42,0.0,0.0,3.0,0.0,6.0,2.0,13.0,0.0,362199,20,172,27,74362000000.0,0.5983,0.01753024,0.00081939,32,31,South America,South America,Non-NATO,https://flagcdn.com/w320/ar.png
Luxembourg,86871000000.0,1530685000.0,154388,1200,0,0,"1,200",0,1,0,0,1,0,0,0,0,0,41,,,,,,,,,0,0,0,0,5203000000000.0,2.4429,0.00027204,0.01762021,110,109,Europe,Europe,Non-NATO,https://flagcdn.com/w320/lu.png
Uganda,144137000000.0,1510000000.0,16756234,45000,0,"1,200","43,800",0,51,0,6,3,30,0,12,6,0,41,,,,,,,,,259142,6,26,12,10469000000.0,2.3252,0.0154709,0.01047614,107,106,Africa,Africa,Non-NATO,https://flagcdn.com/w320/ug.png
Jordan,109986000000.0,2668500000.0,3463947,114500,"1,00,000","14,000","1,46,000","5,500",279,10,44,12,159,11,66,44,0,27,0.0,0.0,0.0,0.0,0.0,0.0,27.0,0.0,1508980,478,80,84,21058000000.0,1.5581,0.43571279,0.02426218,74,73,Asia,Asia,Non-NATO,https://flagcdn.com/w320/jo.png
Somalia,26770000000.0,870000000.0,2993973,30000,0,550,"29,150",500,6,0,0,0,6,0,0,0,0,19,0.0,0.0,0.0,0.0,0.0,0.0,19.0,0.0,0,0,0,0,2563000000.0,3.7393,8.35e-06,0.03249907,137,136,Africa,Africa,Non-NATO,https://flagcdn.com/w320/so.png
Chad,52895000000.0,706800000.0,6873694,37750,0,350,"37,750",0,40,7,0,7,16,2,8,3,0,41,,,,,,,,,9050,10,13,16,2286000000.0,1.8594,0.0013284,0.01336232,85,84,Africa,Africa,Non-NATO,https://flagcdn.com/w320/td.png
North Macedonia,43844000000.0,421527100.0,948216,10010,"60,000",950,"70,011",0,20,0,0,0,10,0,10,4,0,41,,,,,,,,,0,0,156,18,5637000000.0,2.4956,6.433e-05,0.00961425,114,113,Europe,Europe,NATO,https://flagcdn.com/w320/mk.png
Oman,193591000000.0,8364000000.0,1482757,100000,0,"6,145","1,00,000","4,200",128,10,29,9,31,4,45,0,0,17,0.0,0.0,0.0,0.0,5.0,0.0,8.0,0.0,264145,24,144,0,55986700000.0,1.8823,0.17824229,0.04320449,86,85,Asia,Asia,Non-NATO,https://flagcdn.com/w320/om.png
Dominican Republic,276884000000.0,903000000.0,4975294,89000,"1,89,000","6,730","28,750","13,200",80,8,0,11,49,1,17,0,0,34,0.0,0.0,0.0,0.0,0.0,0.0,14.0,0.0,63,0,14,0,35044000000.0,2.5853,3.558e-05,0.00326129,115,114,North America,North America,Non-NATO,https://flagcdn.com/w320/do.png
Benin,56424000000.0,137690000.0,5584880,4750,0,300,"4,750",200,7,0,0,1,5,1,0,0,0,2,0.0,0.0,0.0,0.0,0.0,0.0,2.0,0.0,0,0,16,0,6309000000.0,3.8963,1.61e-06,0.00244027,139,138,Africa,Africa,Non-NATO,https://flagcdn.com/w320/bj.png
Peru,535911000000.0,2552000000.0,15648120,120000,"3,86,000","12,100","92,500","26,000",252,22,15,39,112,12,68,16,0,78,0.0,0.0,0.0,7.0,8.0,6.0,13.0,0.0,355231,12,290,61,38102000000.0,0.8827,0.02272228,0.00476198,50,49,South America,South America,Non-NATO,https://flagcdn.com/w320/pe.png
Denmark,440558000000.0,14250000000.0,2628180,21000,"12,000","3,475","88,400","3,600",122,19,26,4,34,3,36,0,0,50,0.0,0.0,0.0,9.0,0.0,0.0,9.0,6.0,4433,19,0,8,611050000000.0,0.8198,0.00175216,0.03234534,45,44,Europe,Europe,NATO,https://flagcdn.com/w320/dk.png
Poland,1649000000000.0,55865141600.0,18985692,250000,"3,50,000","16,500","1,10,000","8,240",457,12,58,44,224,11,112,29,0,63,0.0,0.0,0.0,2.0,2.0,1.0,3.0,29.0,798519,593,0,298,425642000000.0,0.3891,0.04208638,0.03387819,21,20,Europe,Europe,NATO,https://flagcdn.com/w320/pl.png
Morocco,350594000000.0,16100000000.0,17946041,400000,"2,50,000","13,000","5,00,000","9,300",271,0,84,31,73,4,77,6,2,100,0.0,0.0,0.0,6.0,1.0,0.0,84.0,0.0,1346808,544,188,185,42262000000.0,1.0368,0.07506831,0.04592206,56,55,Africa,Africa,Non-NATO,https://flagcdn.com/w320/ma.png
United Arab Emirates,745994000000.0,23480000000.0,5818684,65000,"1,30,000","7,000","44,000","3,000",581,40,99,35,250,27,151,30,5,84,0.0,0.0,0.0,0.0,11.0,0.0,34.0,2.0,354212,165,99,49,290400000000.0,1.0188,0.06098922,0.03147478,54,53,Asia,Asia,Non-NATO,https://flagcdn.com/w320/ae.png
Myanmar,287559000000.0,2815031361.0,30489384,228000,"19,000","25,000","2,55,000","30,000",331,20,70,33,86,5,120,9,0,239,0.0,0.0,0.0,6.0,3.0,3.0,146.0,2.0,1040572,225,1680,1520,8748000000.0,0.6265,0.03414769,0.0097894,35,34,Asia,Asia,Non-NATO,https://flagcdn.com/w320/mm.png
Germany,5247000000000.0,127400000000.0,38694786,184324,"8,60,000","27,725","63,000","15,531",569,63,127,55,292,27,16,49,3,96,0.0,0.0,0.0,11.0,6.0,6.0,54.0,12.0,296222,134,0,33,6862470000000.0,0.2463,0.00767253,0.02428056,12,11,Europe,Europe,NATO,https://flagcdn.com/w320/de.png
Mexico,2883000000000.0,9100000000.0,61447766,387000,"98,653","30,515","2,75,443","92,043",424,32,2,40,173,25,175,0,0,164,0.0,0.0,0.0,1.0,3.0,0.0,142.0,0.0,0,35,0,0,306308000000.0,0.6401,9.57e-06,0.00315643,36,35,North America,North America,Non-NATO,https://flagcdn.com/w320/mx.png
Serbia,177093000000.0,2770000000.0,3259584,22500,"2,000","3,000","13,200",0,115,17,11,3,51,0,33,4,0,41,,,,,,,,,242145,96,150,73,21726000000.0,1.2938,0.07433495,0.0156415,63,62,Europe,Europe,Non-NATO,https://flagcdn.com/w320/rs.png
Central African Republic,5926000000.0,300000000.0,2203873,30000,0,100,"30,000",0,8,8,0,0,0,0,0,0,0,41,,,,,,,,,0,0,0,0,724179000.0,4.2381,2.223e-05,0.05062437,143,142,Africa,Africa,Non-NATO,https://flagcdn.com/w320/cf.png
Honduras,71297000000.0,612300000.0,4192843,52225,0,"8,520","83,000","4,000",45,7,6,10,11,1,10,0,0,98,0.0,0.0,0.0,0.0,0.0,0.0,93.0,0.0,2214,0,48,0,7785000000.0,2.2575,0.00056215,0.00858802,103,102,North America,North America,Non-NATO,https://flagcdn.com/w320/hn.png
Sweden,668628000000.0,15900000000.0,4235934,25600,"34,000","8,255","15,300","2,100",172,0,73,6,53,3,36,0,1,279,0.0,0.0,0.0,0.0,7.0,4.0,116.0,8.0,11083,24,0,0,1102690000000.0,0.4834,0.00272289,0.02378004,26,25,Europe,Europe,NATO,https://flagcdn.com/w320/se.png
Vietnam,1456000000000.0,10200000000.0,54994667,450000,"50,00,000","35,000","54,50,000","50,000",265,0,61,6,101,3,91,0,0,116,0.0,0.0,0.0,9.0,17.0,6.0,27.0,8.0,19991199,30,3250,774,34426000000.0,0.4066,0.36351852,0.00700549,23,22,Asia,Asia,Non-NATO,https://flagcdn.com/w320/vn.png
Uzbekistan,379989000000.0,6210000000.0,18990708,120000,0,"15,000","95,000",550,159,13,26,12,101,0,7,34,0,0,0.0,0.0,0.0,0.0,0.0,0.0,0.0,0.0,470259,177,236,108,25714000000.0,0.9908,0.02477096,0.01634258,53,52,Asia,Asia,Non-NATO,https://flagcdn.com/w320/uz.png
United States Of America,25676000000000.0,831500000000.0,150463900,1333030,"7,99,500","7,08,758","11,74,890","6,12,124",13032,926,1791,917,5913,611,2610,1024,610,465,11.0,9.0,83.0,0.0,27.0,66.0,0.0,4.0,46663500,1521,1878,1731,24538900000000.0,0.0741,0.31022057,0.03238433,1,0,North America,North America,Non-NATO,https://flagcdn.com/w320/us.png
Ivory Coast,215018000000.0,18200000.0,12292521,22000,0,460,"22,000","1,000",22,0,0,3,14,3,2,5,0,8,0.0,0.0,0.0,0.0,0.0,0.0,7.0,0.0,0,0,4,6,26576000000.0,2.3884,2.44e-06,8.464e-05,108,107,Other,Other,Non-NATO,https://flagcdn.com/w320/ci.png
Taiwan,1743000000000.0,31180000000.0,12269542,230000,"16,57,000","1,25,000","94,000","1,07,000",720,0,258,19,239,18,215,91,0,91,0.0,0.0,4.0,21.0,7.0,4.0,36.0,10.0,1090709,488,1360,223,229900000000.0,0.3927,0.08896176,0.0178887,22,21,Asia,Asia,Non-NATO,https://flagcdn.com/w320/tw.png
Zimbabwe,57391000000.0,1976800000.0,6517134,29000,0,"5,000","25,000",0,80,9,9,14,28,0,20,6,0,41,,,,,,,,,6033,0,0,0,6671000000.0,2.2801,0.00094428,0.03444443,105,104,Africa,Africa,Non-NATO,https://flagcdn.com/w320/zw.png
Philippines,1202000000000.0,6571641011.0,50859137,160000,"15,00,000","33,600","13,10,000","42,270",204,17,0,23,130,11,23,6,0,127,0.0,0.0,0.0,4.0,1.0,0.0,60.0,0.0,1811,12,296,0,63241000000.0,0.6993,4.212e-05,0.00546726,41,40,Asia,Asia,Non-NATO,https://flagcdn.com/w320/ph.png
Canada,2341000000000.0,45824959620.0,16681770,63500,"23,000","15,560","49,300","16,300",354,0,66,29,146,34,95,0,6,67,0.0,0.0,0.0,12.0,0.0,4.0,17.0,0.0,7456,0,0,0,2571110000000.0,0.5269,0.00047219,0.01957495,28,27,North America,North America,NATO,https://flagcdn.com/w320/ca.png
Greece,192205000000.0,8242150000.0,4916713,142700,"2,21,350","42,500","2,00,000","30,000",560,0,178,17,285,8,86,28,0,186,0.0,0.0,0.0,14.0,0.0,9.0,45.0,3.0,1344874,589,698,152,605000000000.0,0.5484,0.27368284,0.04288208,30,29,Europe,Europe,NATO,https://flagcdn.com/w320/gr.png
Namibia,31154000000.0,450498000.0,616805,17567,0,"1,175","8,500","3,000",36,0,11,5,7,0,13,2,0,15,0.0,0.0,0.0,0.0,2.0,0.0,15.0,0.0,74,0,50,55,9680000000.0,2.7414,0.00020266,0.01446036,122,121,Africa,Africa,Non-NATO,https://flagcdn.com/w320/na.png
Panama,164484000000.0,1069750000.0,2011608,16300,0,500,"80,000",0,38,0,0,13,23,2,0,0,0,22,0.0,0.0,0.0,0.0,0.0,0.0,14.0,0.0,0,0,0,0,1227090000000.0,3.5011,2.983e-05,0.00650367,135,134,North America,North America,Non-NATO,https://flagcdn.com/w320/pa.png
Nigeria,1318000000000.0,3900000000.0,125475979,230000,0,"18,000","19,60,000","11,000",159,24,14,12,69,12,28,15,0,152,0.0,0.0,0.0,1.0,0.0,0.0,132.0,2.0,330182,40,339,37,45009000000.0,0.6097,0.00263391,0.00295903,33,32,Africa,Africa,Non-NATO,https://flagcdn.com/w320/ng.png
Ireland,620544000000.0,1754400500.0,2407392,7557,"1,720",690,"7,705",800,23,0,0,5,8,2,8,0,0,8,0.0,0.0,0.0,0.0,0.0,0.0,8.0,0.0,0,0,0,0,3630000000000.0,2.0661,1.288e-05,0.0028272,94,93,Europe,Europe,Non-NATO,https://flagcdn.com/w320/ie.png
Bosnia And Herzegovina,64641000000.0,289920000.0,2355176,18000,"8,000","2,100","26,000",0,15,0,0,0,15,0,0,0,0,0,0.0,0.0,0.0,0.0,0.0,0.0,0.0,0.0,4529,0,300,24,5359000000.0,3.1291,0.00192937,0.00448508,133,132,Europe,Europe,Non-NATO,https://flagcdn.com/w320/ba.png
Syria,98858000000.0,145925000.0,15273871,100000,0,"7,500","1,00,000","3,250",104,5,52,2,39,0,8,7,0,12,0.0,0.0,0.0,0.0,0.0,0.0,8.0,0.0,16884,60,0,0,4441250000.0,1.8861,0.00111301,0.00147611,87,86,Asia,Asia,Non-NATO,https://flagcdn.com/w320/sy.png
Ukraine,577583000000.0,45000000000.0,18187531,900000,"40,00,000","35,000","2,50,000","11,000",347,30,88,22,140,5,72,39,0,169,0.0,0.0,0.0,0.0,0.0,0.0,133.0,5.0,1121729,682,625,288,90003000000.0,0.3691,0.06170409,0.07791088,20,19,Europe,Europe,Non-NATO,https://flagcdn.com/w320/ua.png
Uruguay,108502000000.0,1903440000.0,1575652,24000,0,"2,850","15,450","5,700",43,6,0,6,12,5,12,0,2,16,0.0,0.0,0.0,0.0,0.0,0.0,5.0,2.0,6237,16,83,4,54450000000.0,2.1537,0.00399581,0.0175429,97,96,South America,South America,Non-NATO,https://flagcdn.com/w320/uy.png
Lebanon,65415000000.0,800000000.0,2092148,80000,"15,000","2,500","99,000","1,500",80,9,0,0,68,0,9,0,0,48,0.0,0.0,0.0,0.0,0.0,0.0,42.0,0.0,334184,12,350,11,41619000000.0,2.6521,0.15979367,0.01222961,118,117,Asia,Asia,Non-NATO,https://flagcdn.com/w320/lb.png
Gabon,48045000000.0,340950000.0,932940,5000,0,900,"4,500",400,25,0,6,3,16,0,0,0,0,5,0.0,0.0,0.0,0.0,0.0,0.0,4.0,0.0,0,0,4,28,6442000000.0,3.0432,3.216e-05,0.00709647,132,131,Africa,Africa,Non-NATO,https://flagcdn.com/w320/ga.png
South Africa,870420000000.0,2877000000.0,27803618,68731,"29,350","13,815","53,872","7,890",181,0,2,11,87,0,81,10,0,63,0.0,0.0,0.0,4.0,0.0,3.0,42.0,4.0,248161,52,434,201,93879000000.0,0.6843,0.00893427,0.0033053,40,39,Africa,Africa,Non-NATO,https://flagcdn.com/w320/za.png
Ethiopia,380895000000.0,3720968976.0,56904143,503000,"1,38,000","5,000","6,26,000","11,500",104,0,25,9,33,0,34,7,0,41,,,,,,,,,338220,142,469,79,25426000000.0,0.8525,0.00594623,0.00976902,47,46,Africa,Africa,Non-NATO,https://flagcdn.com/w320/et.png
Switzerland,741035000000.0,8372658426.0,3898653,147178,0,"20,000","1,27,178",0,141,0,40,16,39,3,43,0,0,41,,,,,,,,,13494,133,0,0,2420000000000.0,0.8396,0.00350788,0.0112986,46,45,Europe,Europe,Non-NATO,https://flagcdn.com/w320/ch.png
Sri Lanka,301407000000.0,1500000000.0,10551652,346000,"90,000","26,000","1,50,000","40,000",90,0,6,15,49,3,7,8,0,275,0.0,0.0,0.0,5.0,0.0,0.0,259.0,0.0,8752,0,96,28,42198000000.0,1.3822,0.00086404,0.00497666,68,67,Asia,Asia,Non-NATO,https://flagcdn.com/w320/lk.png
Angola,278239000000.0,31200000000.0,7440412,107000,0,"6,000","1,00,000","1,500",278,6,67,32,115,2,56,14,0,32,0.0,0.0,0.0,0.0,0.0,0.0,32.0,0.0,319191,25,575,116,45299000000.0,1.1045,0.0429413,0.11213381,59,58,Africa,Africa,Non-NATO,https://flagcdn.com/w320/ao.png
Australia,1635000000000.0,57350000000.0,11242811,58910,"33,270","21,584","44,235","20,607",348,71,24,37,72,31,107,22,6,45,0.0,2.0,3.0,7.0,0.0,6.0,13.0,3.0,4635,0,48,8,3770250000000.0,0.3208,0.00044722,0.03507645,17,16,Oceania,Oceania,Non-NATO,https://flagcdn.com/w320/au.png
Beliz,5538000000.0,34400000.0,158000,2000,850,60,"2,850",0,3,0,0,1,1,1,0,0,0,15,0.0,0.0,0.0,0.0,0.0,0.0,15.0,0.0,0,0,0,0,1235000000.0,4.3602,0.00011392,0.00621163,144,143,Other,Other,Non-NATO,https://flagcdn.com/w320/bz.png
Venezuela,110943000000.0,6060000000.0,15625153,109000,"8,000","10,755","3,00,745","25,500",224,0,30,47,85,3,75,10,1,41,0.0,0.0,0.0,1.0,0.0,3.0,26.0,0.0,282169,60,92,56,121363000000.0,0.9106,0.0180756,0.05462264,51,50,South America,South America,Non-NATO,https://flagcdn.com/w320/ve.png
Yemen,18719000000.0,405187500.0,12213368,33350,0,"3,850","56,350","3,250",160,0,68,3,59,0,30,14,0,26,0.0,0.0,0.0,0.0,1.0,0.0,9.0,0.0,0,12,60,30,6492000000.0,2.1617,1.523e-05,0.02164579,98,97,Asia,Asia,Non-NATO,https://flagcdn.com/w320/ye.png
Malaysia,1212000000000.0,5100000000.0,16245461,113000,"51,600","15,000","1,30,000","18,000",132,11,25,15,45,6,31,0,4,100,0.0,0.0,0.0,2.0,4.0,2.0,72.0,4.0,4829,0,196,36,8748000000.0,0.7379,0.00031153,0.00420792,42,41,Asia,Asia,Non-NATO,https://flagcdn.com/w320/my.png
Zambia,79207000000.0,385321000.0,7279691,15150,0,"3,745","13,250",0,78,0,0,13,33,0,34,0,0,41,,,,,,,,,7541,12,60,50,16597000000.0,2.4461,0.00105224,0.00486473,111,110,Africa,Africa,Non-NATO,https://flagcdn.com/w320/zm.png
Madagascar,52968000000.0,147630000.0,11192031,13500,0,300,"21,600",500,6,0,0,1,5,0,0,0,0,7,0.0,0.0,0.0,0.0,0.0,0.0,5.0,0.0,127,0,17,0,3548000000.0,3.0381,1.251e-05,0.00278715,131,130,Africa,Africa,Non-NATO,https://flagcdn.com/w320/mg.png
Brazil,4165000000000.0,26400000000.0,112226271,376000,"13,40,000","81,000","12,12,217","80,505",495,30,44,107,186,25,124,0,0,69,0.0,1.0,0.0,8.0,2.0,6.0,22.0,4.0,294191,149,412,82,198582000000.0,0.2374,0.00262643,0.00633854,11,10,South America,South America,Non-NATO,https://flagcdn.com/w320/br.png
Nepal,149643000000.0,431355326.0,15249970,98500,"82,000","1,000","97,500",0,17,0,0,7,10,0,0,0,0,41,,,,,,,,,0,0,14,0,5719000000.0,2.8037,3.8e-06,0.00288256,124,123,Asia,Asia,Non-NATO,https://flagcdn.com/w320/np.png
Georgia,91849000000.0,680000000.0,2744538,37000,"2,05,500","3,000","2,05,500",0,61,5,0,2,44,0,10,11,0,19,0.0,0.0,0.0,0.0,0.0,0.0,31.0,4.0,13273,67,121,42,9085000000.0,2.0779,0.0048653,0.00740346,95,94,Asia,Asia,Non-NATO,https://flagcdn.com/w320/ge.png
Austria,581131000000.0,6103900800.0,4035592,25000,"1,25,600","4,300","1,41,000",0,90,0,15,11,41,0,23,0,0,41,,,,,,,,,5642,30,0,0,693000000000.0,1.3759,0.00143052,0.01050349,67,66,Europe,Europe,Non-NATO,https://flagcdn.com/w320/at.png
Botswana,45553000000.0,581000000.0,1029281,12000,0,500,"12,000",0,45,0,10,9,16,0,10,0,0,41,,,,,,,,,4520,12,36,20,1761000000.0,2.9993,0.00447497,0.01275437,130,129,Africa,Africa,Non-NATO,https://flagcdn.com/w320/bw.png
Mali,71253000000.0,1110000000.0,6817088,40000,0,550,"44,800",0,44,12,9,8,10,1,4,8,0,41,,,,,,,,,0,0,50,30,4085000000.0,2.2598,1.247e-05,0.01557829,104,103,Africa,Africa,Non-NATO,https://flagcdn.com/w320/ml.png
Portugal,556942000000.0,6760000000.0,5319863,25000,"23,500","6,000","12,000","7,000",128,5,28,20,36,16,23,0,4,128,0.0,0.0,0.0,5.0,2.0,2.0,71.0,0.0,3424,23,54,0,530000000000.0,0.6659,0.00069175,0.01213771,38,37,Europe,Europe,NATO,https://flagcdn.com/w320/pt.png
Bulgaria,219645000000.0,2485350000.0,3187850,36950,"3,000","8,500","39,950","4,450",71,5,11,6,23,0,26,4,0,45,0.0,0.0,0.0,6.0,3.0,0.0,0.0,17.0,334217,48,24,24,14277000000.0,1.2522,0.10487727,0.0113153,62,61,Europe,Europe,NATO,https://flagcdn.com/w320/bg.png
Belarus,265220000000.0,1034784000.0,5035769,63000,"3,65,400","11,300","18,000",0,194,50,43,4,70,0,27,31,0,41,,,,,,,,,577375,357,190,206,18010000000.0,1.4072,0.11470145,0.00390161,70,69,Europe,Europe,Non-NATO,https://flagcdn.com/w320/by.png
Nicaragua,52989000000.0,1311600000.0,3271705,45000,0,815,"42,935","1,250",17,0,0,5,12,0,1,0,0,23,0.0,0.0,0.0,0.0,0.0,0.0,23.0,0.0,186102,0,347,151,6753000000.0,2.5894,0.05689449,0.02475231,116,115,North America,North America,Non-NATO,https://flagcdn.com/w320/ni.png
Suriname,12316000000.0,58440000.0,142287,2500,0,150,"1,000",250,3,0,0,0,3,0,0,0,0,17,0.0,0.0,0.0,0.0,0.0,0.0,17.0,0.0,0,0,0,0,2645000000.0,4.0538,0.00014056,0.00474505,142,141,South America,South America,Non-NATO,https://flagcdn.com/w320/sr.png
Bhutan,11517000000.0,26600000.0,203446,16000,"50,000",0,"66,000",0,2,0,0,0,2,0,0,0,0,41,,,,,,,,,0,0,0,0,2827000000.0,5.7991,0.00021136,0.00230963,145,144,Asia,Asia,Non-NATO,https://flagcdn.com/w320/bt.png
Lithuania,136227000000.0,5651760000.0,1708321,23000,"1,04,000","1,500","21,000",700,9,0,0,5,4,0,0,0,0,13,0.0,0.0,0.0,0.0,0.0,0.0,5.0,4.0,0,16,54,0,48400000000.0,1.8949,1.288e-05,0.04148781,88,87,Europe,Europe,NATO,https://flagcdn.com/w320/lt.png
Mauritania,33069000000.0,270625000.0,1687936,31540,"66,000","1,105","1,02,540","1,500",23,4,0,7,4,2,6,0,0,6,0.0,0.0,0.0,0.0,0.0,0.0,6.0,0.0,5126,0,75,0,3072000000.0,2.7919,0.00305403,0.00818365,123,122,Africa,Africa,Non-NATO,https://flagcdn.com/w320/mr.png
Singapore,800304000000.0,18000000000.0,3918498,51000,"2,52,500","13,500","2,80,000","9,000",235,0,100,9,75,9,36,20,11,101,0.0,0.0,0.0,6.0,6.0,6.0,55.0,4.0,170128,48,89,24,1884750000000.0,0.5272,0.04350238,0.02249145,29,28,Asia,Asia,Non-NATO,https://flagcdn.com/w320/sg.png
Iceland,26561000000.0,500000000.0,83728,0,0,0,0,0,0,0,0,0,0,0,0,0,0,0,0.0,0.0,0.0,0.0,0.0,0.0,0.0,0.0,0,0,0,0,24200000000.0,3.4013,0.0,0.01882459,134,133,Europe,Europe,Non-NATO,https://flagcdn.com/w320/is.png
Bangladesh,1473000000000.0,3340000000.0,82661620,204000,0,"19,000","1,73,408","22,000",212,0,41,17,67,4,83,0,0,121,0.0,0.0,0.0,7.0,6.0,2.0,61.0,5.0,320224,36,487,103,58020000000.0,0.6517,0.00387794,0.00226748,37,36,Asia,Asia,Non-NATO,https://flagcdn.com/w320/bd.png
United Kingdom,3636000000000.0,88526529585.0,31491165,141330,"31,940","34,800","1,08,413","37,890",625,38,103,30,262,29,201,50,9,116,2.0,0.0,6.0,7.0,0.0,10.0,26.0,8.0,288187,14,126,43,10553100000000.0,0.1881,0.00917489,0.02434723,8,7,Europe,Europe,NATO,https://flagcdn.com/w320/gb.png
North Korea,15416000000.0,4750000000.0,9467520,1320000,"5,60,000","1,10,000","13,70,000","60,000",837,114,341,1,205,0,176,20,0,332,0.0,0.0,2.0,2.0,8.0,24.0,227.0,1.0,48952448,1300,700,1500,6050000000.0,0.5933,5.17069063,0.30812143,31,30,Asia,Asia,Non-NATO,https://flagcdn.com/w320/kp.png
Colombia,978024000000.0,15800000000.0,24298295,429000,"9,98,000","25,000","20,48,583","35,100",430,24,16,82,255,27,72,0,1,213,0.0,0.0,0.0,9.0,2.0,4.0,158.0,0.0,0,6,110,0,108027000000.0,0.7551,2.646e-05,0.01615502,43,42,South America,South America,Non-NATO,https://flagcdn.com/w320/co.png
Liberia,9308000000.0,20700000.0,2392390,2100,0,0,"2,100",300,0,0,0,0,0,0,0,0,0,6,0.0,0.0,0.0,0.0,0.0,0.0,6.0,0.0,0,0,0,0,1335000000.0,3.9275,2.51e-06,0.00222389,141,140,Africa,Africa,Non-NATO,https://flagcdn.com/w320/lr.png
Egypt,1958000000000.0,5193500000.0,45611372,438500,"4,79,000","50,000","6,85,000","50,000",1088,90,242,53,348,11,344,100,0,149,0.0,2.0,0.0,13.0,7.0,8.0,61.0,17.0,36202534,1056,962,648,117272000000.0,0.3651,0.7937444,0.00265245,19,18,Africa,Africa,Non-NATO,https://flagcdn.com/w320/eg.png
Indonesia,4102000000000.0,11155297716.0,137965608,404500,"4,01,000","30,100","3,00,400","66,034",460,34,41,73,212,15,114,15,1,338,0.0,0.0,0.0,10.0,26.0,4.0,211.0,10.0,331215,153,396,67,225273000000.0,0.2582,0.00240649,0.00271948,13,12,Asia,Asia,Non-NATO,https://flagcdn.com/w320/id.png
Mongolia,59221000000.0,1590000000.0,1870555,35000,"2,30,000","1,500","35,000",0,8,0,0,3,3,0,2,0,0,41,,,,,,,,,420231,0,500,130,8379000000.0,1.9987,0.22468198,0.02684858,93,92,Asia,Asia,Non-NATO,https://flagcdn.com/w320/mn.png
Romania,774376000000.0,10230630000.0,9437041,90000,"55,000","11,700","39,250","6,800",148,0,29,13,66,2,44,0,0,18,0.0,0.0,0.0,3.0,7.0,0.0,0.0,7.0,451271,0,720,243,145200000000.0,0.9558,0.04783671,0.01321145,52,51,Europe,Europe,NATO,https://flagcdn.com/w320/ro.png
Azerbaijan,225198000000.0,5100000000.0,5218617,128000,"3,06,000","15,000","1,10,000","3,000",159,20,12,4,87,0,36,16,0,32,0.0,0.0,0.0,0.0,0.0,4.0,17.0,4.0,1354880,135,651,696,12378000000.0,1.1991,0.25966094,0.02264674,60,59,Asia,Asia,Non-NATO,https://flagcdn.com/w320/az.png
Kyrgyzstan,50907000000.0,654000000.0,3147772,23000,0,500,"20,000",0,7,0,0,0,7,0,0,2,0,41,,,,,,,,,215129,30,174,21,3617000000.0,2.3969,0.06835851,0.01284696,109,108,Asia,Asia,Non-NATO,https://flagcdn.com/w320/kg.png
India,14244000000000.0,109000000000.0,662290299,1431000,"10,00,000","2,89,000","21,48,000","1,48,869",2183,124,476,277,594,72,334,79,6,343,2.0,0.0,13.0,18.0,21.0,18.0,146.0,0.0,39132935,100,5640,300,212728000000.0,0.1346,0.0590911,0.00765234,4,3,Asia,Asia,Non-NATO,https://flagcdn.com/w320/in.png
Kuwait,225947000000.0,7987000000.0,1726095,78000,"24,000","2,500","1,03,000","4,000",133,0,47,2,68,0,13,16,3,123,0.0,0.0,0.0,0.0,0.0,0.0,106.0,0.0,367220,51,0,27,60500000000.0,1.7161,0.21289442,0.035349,76,75,Asia,Asia,Non-NATO,https://flagcdn.com/w320/kw.png
Kosovo,25019000000.0,1177450000.0,917371,4000,"5,000",0,"9,000",0,0,0,0,0,0,0,0,0,0,41,,,,,,,,,0,0,0,0,785739000.0,3.8041,4.469e-05,0.04706223,138,137,Other,Other,Non-NATO,https://flagcdn.com/w320/xk.png
Laos,66905000000.0,355600000.0,3499565,100000,"30,000",500,"1,30,000","2,000",29,0,0,2,20,0,7,0,0,41,,,,,,,,,160104,50,97,64,9619000000.0,2.8672,0.04576969,0.005315,125,124,Asia,Asia,Non-NATO,https://flagcdn.com/w320/la.png
South Sudan,6752000000.0,30700000.0,6351857,185000,0,230,"1,84,120",325,19,0,0,4,15,0,0,6,0,41,,,,,,,,,12267,24,0,15,2722500000.0,2.4645,0.00194069,0.0045468,113,112,Africa,Africa,Non-NATO,https://flagcdn.com/w320/ss.png
Senegal,83183000000.0,777800000.0,7162057,17000,0,"1,000","15,460",500,39,0,0,5,19,1,22,5,0,4,0.0,0.0,0.0,0.0,0.0,0.0,4.0,0.0,0,0,20,6,14985000000.0,2.8925,6e-06,0.00935047,126,125,Africa,Africa,Non-NATO,https://flagcdn.com/w320/sn.png
